Div,Date,Time,HomeTeam,AwayTeam,Referee,B365H,B365D,B365A,BFDH,BFDD,BFDA,BMGMH,BMGMD,BMGMA,BVH,BVD,BVA,BWH,BWD,BWA,CLH,CLD,CLA,LBH,LBD,LBA,PSH,PSD,PSA,MaxH,MaxD,MaxA,AvgH,AvgD,AvgA,BFEH,BFED,BFEA,B365>2.5,B365<2.5,P>2.5,P<2.5,Max>2.5,Max<2.5,Avg>2.5,Avg<2.5,BFE>2.5,BFE<2.5,AHh,B365AHH,B365AHA,PAHH,PAHA,MaxAHH,MaxAHA,AvgAHH,AvgAHA,BFEAHH,BFEAHA,B365CH,B365CD,B365CA,BFDCH,BFDCD,BFDCA,BMGMCH,BMGMCD,BMGMCA,BVCH,BVCD,BVCA,BWCH,BWCD,BWCA,CLCH,CLCD,CLCA,LBCH,LBCD,LBCA,PSCH,PSCD,PSCA,MaxCH,MaxCD,MaxCA,AvgCH,AvgCD,AvgCA,BFECH,BFECD,BFECA,B365C>2.5,B365C<2.5,PC>2.5,PC<2.5,MaxC>2.5,MaxC<2.5,AvgC>2.5,AvgC<2.5,BFEC>2.5,BFEC<2.5,AHCh,B365CAHH,B365CAHA,PCAHH,PCAHA,MaxCAHH,MaxCAHA,AvgCAHH,AvgCAHA,BFECAHH,BFECAHA
B1,06/02/2026,19:45,Westerlo,St Truiden,,2.4,3.6,2.55,2.4,3.75,2.5,2.5,3.55,2.6,2.45,3.7,2.55,2.45,3.7,2.6,,,,,,,,,,2.5,3.75,2.63,2.45,3.64,2.56,2.58,3.8,2.82,1.53,2.4,,,1.56,2.5,1.52,2.38,1.56,2.7,0,1.85,1.95,,,1.91,1.95,1.83,1.9,1.9,2.08,,,,,,,,,,,,,,,,,,,,,,,,,,,,,,,,,,,,,,,,,,,,,,,,,,,,,,
B1,07/02/2026,15:00,Waregem,Dender,,2.15,3.3,3.25,2.15,3.4,3.1,2.12,3.35,3.4,2.1,3.4,3.2,2.25,3.4,3.2,,,,,,,,,,2.25,3.5,3.4,2.14,3.36,3.23,2.18,3.45,3.7,1.9,1.9,,,1.9,1.95,1.84,1.87,1.9,1.74,-0.25,1.83,1.98,,,1.9,1.98,1.82,1.92,1.87,2.07,,,,,,,,,,,,,,,,,,,,,,,,,,,,,,,,,,,,,,,,,,,,,,,,,,,,,,
B1,07/02/2026,17:15,Charleroi,Cercle Brugge,,1.91,3.4,3.5,2,3.4,3.5,2,3.45,3.65,1.95,3.4,3.5,2.05,3.5,3.6,,,,,,,,,,2.05,3.5,3.75,1.99,3.38,3.58,2.04,3.4,4.3,1.95,1.85,,,1.95,1.88,1.87,1.83,2,1.85,-0.5,1.98,1.83,,,2,1.83,1.95,1.78,2.04,1.89,,,,,,,,,,,,,,,,,,,,,,,,,,,,,,,,,,,,,,,,,,,,,,,,,,,,,,
B1,07/02/2026,19:45,Gent,Oud-Heverlee Leuven,,1.83,3.5,4.2,1.83,3.6,4,1.81,3.6,4.25,1.75,3.6,4.1,1.87,3.6,4,,,,,,,,,,1.87,3.6,4.5,1.8,3.55,4.15,1.89,3.55,4.8,1.85,1.95,,,1.9,1.95,1.82,1.89,1.91,1.94,-0.5,1.8,2,,,1.85,2,1.78,1.94,1.89,2.07,,,,,,,,,,,,,,,,,,,,,,,,,,,,,,,,,,,,,,,,,,,,,,,,,,,,,,
B1,08/02/2026,12:30,Genk,Anderlecht,,2,3.4,3.5,2.05,3.5,3.3,2.06,3.5,3.4,2,3.4,3.4,2.05,3.5,3.5,,,,,,,,,,2.06,3.5,3.6,2.03,3.41,3.42,2.06,3.45,4,1.83,1.98,,,1.83,1.98,1.79,1.92,1.72,1.98,-0.25,1.75,2.05,,,1.83,2.05,1.75,2,,,,,,,,,,,,,,,,,,,,,,,,,,,,,,,,,,,,,,,,,,,,,,,,,,,,,,,,
B1,08/02/2026,15:00,St. Gilloise,RAAL La Louviere,,1.42,4.2,7.5,1.4,4.2,7.5,1.45,4.25,7.5,1.4,4.1,7.5,1.44,4.4,7.5,,,,,,,,,,1.45,4.4,8.4,1.42,4.2,7.38,1.44,4.5,9.6,2,1.8,,,2,1.85,1.92,1.8,1.98,1.85,-1.25,2,1.8,,,2,1.83,1.97,1.77,,,,,,,,,,,,,,,,,,,,,,,,,,,,,,,,,,,,,,,,,,,,,,,,,,,,,,,,
B1,08/02/2026,17:30,Club Brugge,Standard,,1.36,5,7.5,1.33,5,7.5,1.33,5,9,1.33,4.8,8,1.39,5,7.5,,,,,,,,,,1.39,5,9,1.34,4.9,7.81,1.38,5.3,9.6,1.6,2.3,,,1.6,2.35,1.57,2.28,1.61,2.4,-1.5,2,1.8,,,2,1.94,1.93,1.79,,,,,,,,,,,,,,,,,,,,,,,,,,,,,,,,,,,,,,,,,,,,,,,,,,,,,,,,
B1,08/02/2026,18:15,Mechelen,Antwerp,,2.5,3.3,2.75,2.5,3.3,2.63,2.45,3.25,2.85,2.45,3.3,2.63,2.65,3.4,2.6,,,,,,,,,,2.65,3.4,2.85,2.48,3.28,2.7,2.58,3.4,2.9,1.93,1.88,,,1.93,1.88,1.89,1.82,1.78,1.92,0,1.83,1.98,,,1.85,1.98,1.8,1.94,,,,,,,,,,,,,,,,,,,,,,,,,,,,,,,,,,,,,,,,,,,,,,,,,,,,,,,,
D1,06/02/2026,19:30,Union Berlin,Ein Frankfurt,,2,3.5,3.6,2.05,3.5,3.5,2.06,3.45,3.6,2.05,3.5,3.5,2.05,3.4,3.5,,,,,,,,,,2.08,3.5,3.6,2.04,3.46,3.52,2.16,3.65,3.75,1.91,1.91,,,1.92,1.93,1.87,1.88,1.98,2,-0.5,2.05,1.8,,,2.05,1.83,2,1.75,2.16,1.84,,,,,,,,,,,,,,,,,,,,,,,,,,,,,,,,,,,,,,,,,,,,,,,,,,,,,,
D1,07/02/2026,14:30,Freiburg,Werder Bremen,,1.83,3.75,4.2,1.8,3.75,4.2,1.78,3.75,4.4,1.75,3.6,4,1.82,3.75,4.1,,,,,,,,,,1.85,3.8,4.4,1.79,3.7,4.17,1.9,3.85,4.5,1.8,2,,,1.8,2.1,1.74,2.03,1.82,2.18,-0.75,2.05,1.75,,,2.05,1.83,2,1.76,2.15,1.84,,,,,,,,,,,,,,,,,,,,,,,,,,,,,,,,,,,,,,,,,,,,,,,,,,,,,,
D1,07/02/2026,14:30,Heidenheim,Hamburg,,2.88,3.5,2.45,2.75,3.6,2.4,2.8,3.4,2.48,2.7,3.4,2.3,2.8,3.4,2.45,,,,,,,,,,2.9,3.6,2.5,2.78,3.41,2.41,2.98,3.6,2.56,1.8,2,,,1.8,2,1.77,1.99,1.86,2.1,0,2.1,1.78,,,2.1,1.83,2.02,1.74,2.16,1.84,,,,,,,,,,,,,,,,,,,,,,,,,,,,,,,,,,,,,,,,,,,,,,,,,,,,,,
D1,07/02/2026,14:30,Mainz,Augsburg,,2.05,3.6,3.5,2.05,3.5,3.5,2.07,3.45,3.55,2,3.4,3.3,2.05,3.5,3.5,,,,,,,,,,2.1,3.66,3.55,2.04,3.51,3.41,2.14,3.65,3.7,1.8,2,,,1.83,2,1.8,1.95,1.9,2.08,-0.25,1.75,2.05,,,1.83,2.05,1.77,2,1.85,2.14,,,,,,,,,,,,,,,,,,,,,,,,,,,,,,,,,,,,,,,,,,,,,,,,,,,,,,
D1,07/02/2026,14:30,St Pauli,Stuttgart,,4.33,3.75,1.8,4,3.75,1.83,4.5,3.55,1.82,4.1,3.5,1.75,4.33,3.6,1.82,,,,,,,,,,4.5,3.75,1.85,4.2,3.63,1.8,4.6,3.75,1.9,1.93,1.93,,,1.93,1.95,1.87,1.89,1.96,2,0.5,2.05,1.8,,,2.05,1.83,1.96,1.77,2.08,1.9,,,,,,,,,,,,,,,,,,,,,,,,,,,,,,,,,,,,,,,,,,,,,,,,,,,,,,
D1,07/02/2026,14:30,Wolfsburg,Dortmund,,4.2,4.2,1.73,4.2,4,1.73,4.4,4,1.74,4.1,3.9,1.67,4.4,4,1.73,,,,,,,,,,4.5,4.2,1.74,4.24,4.01,1.71,4.6,4.2,1.82,1.57,2.38,,,1.6,2.4,1.56,2.36,1.61,2.56,0.75,1.93,1.93,,,1.93,1.93,1.88,1.9,1.95,2.02,,,,,,,,,,,,,,,,,,,,,,,,,,,,,,,,,,,,,,,,,,,,,,,,,,,,,,
D1,07/02/2026,17:30,M'gladbach,Leverkusen,,3.5,3.75,2,3.3,3.75,2.05,3.65,3.7,1.97,3.25,3.6,1.95,3.3,3.75,2.05,,,,,,,,,,3.65,3.75,2.05,3.41,3.67,1.99,3.8,3.85,2.06,1.62,2.3,,,1.64,2.35,1.6,2.26,1.68,2.4,0.5,1.83,2.03,,,1.83,2.03,1.78,1.96,1.92,2.06,,,,,,,,,,,,,,,,,,,,,,,,,,,,,,,,,,,,,,,,,,,,,,,,,,,,,,
D1,08/02/2026,14:30,FC Koln,RB Leipzig,,3.25,3.8,2.1,3.1,4,2.05,3.25,3.75,2.08,3,3.75,2,3.1,3.75,2.1,,,,,,,,,,3.25,4,2.1,3.14,3.81,2.05,3.45,3.95,2.14,1.5,2.63,,,1.5,2.75,1.46,2.62,1.52,2.78,0.25,2.03,1.83,,,2.03,1.83,1.97,1.8,2.1,1.87,,,,,,,,,,,,,,,,,,,,,,,,,,,,,,,,,,,,,,,,,,,,,,,,,,,,,,
D1,08/02/2026,16:30,Bayern Munich,Hoffenheim,,1.29,7,7.5,1.25,6.5,9,1.27,6.4,9,1.22,6,8.5,1.29,6.75,7.75,,,,,,,,,,1.29,7,9,1.26,6.34,8.44,1.3,7.2,10,1.25,4,,,1.25,4.1,1.23,3.92,1.28,4.2,-1.75,1.85,2,,,1.85,2,1.82,1.95,1.88,2.05,,,,,,,,,,,,,,,,,,,,,,,,,,,,,,,,,,,,,,,,,,,,,,,,,,,,,,
D2,06/02/2026,17:30,Greuther Furth,Magdeburg,,3.9,3.75,1.85,3.75,3.6,1.9,3.95,3.8,1.78,3.8,3.6,1.87,3.8,3.8,1.87,,,,,,,,,,3.95,3.8,1.91,3.77,3.7,1.86,4,4.1,1.95,1.62,2.25,,,1.65,2.3,1.6,2.21,1.66,2.46,0.5,1.93,1.88,,,1.93,1.9,1.88,1.83,2.03,1.95,,,,,,,,,,,,,,,,,,,,,,,,,,,,,,,,,,,,,,,,,,,,,,,,,,,,,,
D2,06/02/2026,17:30,Preußen Münster,Bochum,,2.55,3.4,2.63,2.6,3.3,2.5,2.6,3.45,2.5,2.5,3.4,2.6,2.65,3.4,2.55,,,,,,,,,,2.65,3.45,2.63,2.57,3.35,2.56,2.74,3.55,2.8,1.75,2.05,,,1.77,2.1,1.72,2.01,1.84,2.16,0,1.85,1.95,,,1.91,1.95,1.83,1.88,1.97,2.01,,,,,,,,,,,,,,,,,,,,,,,,,,,,,,,,,,,,,,,,,,,,,,,,,,,,,,
D2,07/02/2026,12:00,Elversberg,Hertha,,2.1,3.75,3.1,2.1,3.5,3.1,2.02,3.6,3.3,2.05,3.6,3.1,2.1,3.8,3.1,,,,,,,,,,2.1,3.8,3.3,2.06,3.63,3.14,2.18,3.75,3.4,1.62,2.25,,,1.62,2.25,1.58,2.24,1.66,2.36,-0.25,1.83,1.98,,,1.85,1.98,1.77,1.94,1.91,2.04,,,,,,,,,,,,,,,,,,,,,,,,,,,,,,,,,,,,,,,,,,,,,,,,,,,,,,
D2,07/02/2026,12:00,Paderborn,Nurnberg,,1.85,3.75,3.8,1.9,3.6,3.75,1.83,3.65,3.95,1.83,3.6,3.75,1.87,3.8,3.8,,,,,,,,,,1.9,3.8,4,1.85,3.65,3.81,1.92,4,4.3,1.7,2.1,,,1.73,2.16,1.69,2.05,1.76,2,-0.5,1.85,1.95,,,1.9,1.95,1.81,1.9,1.92,2.07,,,,,,,,,,,,,,,,,,,,,,,,,,,,,,,,,,,,,,,,,,,,,,,,,,,,,,
D2,07/02/2026,12:00,Schalke 04,Dresden,,1.73,3.75,4.5,1.7,3.6,4.6,1.7,3.55,4.9,1.7,3.5,4.6,1.71,3.75,4.8,,,,,,,,,,1.75,3.75,5,1.7,3.6,4.68,1.78,3.8,5.2,1.98,1.83,,,1.98,1.83,1.92,1.8,2.02,1.9,-0.75,1.95,1.85,,,1.95,1.85,1.89,1.82,2.01,1.92,,,,,,,,,,,,,,,,,,,,,,,,,,,,,,,,,,,,,,,,,,,,,,,,,,,,,,
D2,07/02/2026,19:30,Darmstadt,Kaiserslautern,,1.85,3.6,4.1,1.9,3.6,3.75,1.83,3.7,3.9,1.83,3.7,3.6,1.88,3.8,3.75,,,,,,,,,,1.9,3.8,4.2,1.85,3.58,3.87,1.92,3.9,4.3,1.65,2.2,,,1.65,2.25,1.59,2.22,1.67,2.28,-0.5,1.85,1.95,,,1.86,1.95,1.82,1.88,1.92,2.04,,,,,,,,,,,,,,,,,,,,,,,,,,,,,,,,,,,,,,,,,,,,,,,,,,,,,,
D2,08/02/2026,12:30,Bielefeld,Braunschweig,,2,3.4,3.75,2,3.3,3.6,2.02,3.4,3.5,1.95,3.3,3.6,2,3.4,3.7,,,,,,,,,,2.02,3.4,3.8,1.98,3.34,3.63,2.04,3.45,4,2,1.8,,,2,1.87,1.92,1.79,2.02,1.86,-0.5,2,1.8,,,2.02,1.83,1.95,1.76,,,,,,,,,,,,,,,,,,,,,,,,,,,,,,,,,,,,,,,,,,,,,,,,,,,,,,,,
D2,08/02/2026,12:30,Hannover,Holstein Kiel,,1.75,3.5,4.75,1.73,3.75,4.2,1.73,3.75,4.35,1.73,3.7,4.1,1.8,3.9,4.1,,,,,,,,,,1.8,3.9,4.75,1.75,3.6,4.34,1.8,3.8,5.1,1.7,2.1,,,1.7,2.15,1.66,2.09,1.73,2.2,-0.75,2,1.8,,,2,1.83,1.93,1.78,,,,,,,,,,,,,,,,,,,,,,,,,,,,,,,,,,,,,,,,,,,,,,,,,,,,,,,,
D2,08/02/2026,12:30,Karlsruhe,Fortuna Dusseldorf,,2.8,3.6,2.35,2.63,3.5,2.38,2.75,3.5,2.33,2.7,3.6,2.25,2.7,3.75,2.35,,,,,,,,,,2.8,3.75,2.4,2.71,3.52,2.34,2.84,3.7,2.42,1.6,2.3,,,1.6,2.38,1.55,2.3,1.59,2.4,0,2.08,1.73,,,2.08,1.83,2,1.73,,,,,,,,,,,,,,,,,,,,,,,,,,,,,,,,,,,,,,,,,,,,,,,,,,,,,,,,
E0,06/02/2026,20:00,Leeds,Nott'm Forest,P Bankes,2.2,3.3,3.4,2.2,3.4,3.4,2.2,3.4,3.45,2.2,3.2,3.5,2.2,3.25,3.4,,,,,,,,,,2.33,3.4,3.5,2.21,3.26,3.37,2.3,3.4,3.6,2.1,1.73,,,2.14,1.75,2.08,1.72,2.2,1.82,-0.25,1.88,1.98,,,1.94,1.98,1.87,1.91,1.96,2.02,,,,,,,,,,,,,,,,,,,,,,,,,,,,,,,,,,,,,,,,,,,,,,,,,,,,,,
E0,07/02/2026,12:30,Man United,Tottenham,M Oliver,1.57,4.5,5,1.6,4.5,5,1.57,4.5,5.4,1.55,4.6,5.25,1.58,4.6,4.75,,,,,,,,,,1.61,4.75,5.4,1.57,4.54,4.97,1.62,4.9,5.5,1.44,2.75,,,1.5,2.75,1.46,2.65,1.51,2.92,-1,1.93,1.93,,,1.95,1.93,1.91,1.86,2,1.97,,,,,,,,,,,,,,,,,,,,,,,,,,,,,,,,,,,,,,,,,,,,,,,,,,,,,,
E0,07/02/2026,15:00,Arsenal,Sunderland,S Barrott,1.22,6.25,12,1.22,6,15,1.2,6.75,16,1.2,6.5,15,1.23,6.5,11.5,,,,,,,,,,1.23,6.75,16,1.21,6.23,14.08,1.25,7,16,1.73,2.1,,,1.73,2.23,1.69,2.11,1.78,2.22,-1.75,1.93,1.93,,,1.93,1.97,1.86,1.91,1.98,1.97,,,,,,,,,,,,,,,,,,,,,,,,,,,,,,,,,,,,,,,,,,,,,,,,,,,,,,
E0,07/02/2026,15:00,Bournemouth,Aston Villa,A Taylor,2.7,3.5,2.5,2.63,3.75,2.5,2.7,3.7,2.5,2.7,3.6,2.45,2.65,3.6,2.5,,,,,,,,,,2.8,3.75,2.5,2.68,3.6,2.46,2.82,3.7,2.64,1.67,2.2,,,1.67,2.23,1.66,2.16,1.76,2.3,0,2,1.85,,,2,1.85,1.95,1.8,2.06,1.92,,,,,,,,,,,,,,,,,,,,,,,,,,,,,,,,,,,,,,,,,,,,,,,,,,,,,,
E0,07/02/2026,15:00,Burnley,West Ham,D England,3.3,3.5,2.15,3.3,3.6,2.15,3.35,3.6,2.16,3.3,3.5,2.15,3.25,3.4,2.15,,,,,,,,,,3.4,3.6,2.2,3.28,3.5,2.14,3.5,3.6,2.24,1.9,1.95,,,1.93,1.95,1.86,1.89,1.95,2.02,0.25,1.95,1.9,,,1.96,1.9,1.93,1.83,2.05,1.94,,,,,,,,,,,,,,,,,,,,,,,,,,,,,,,,,,,,,,,,,,,,,,,,,,,,,,
E0,07/02/2026,15:00,Fulham,Everton,S Attwell,2.1,3.25,3.75,2.1,3.4,3.6,2.1,3.35,3.7,2.1,3.3,3.6,2.1,3.3,3.6,,,,,,,,,,2.15,3.4,3.8,2.1,3.27,3.64,2.2,3.4,3.9,2.2,1.67,,,2.25,1.67,2.18,1.65,2.32,1.74,-0.25,1.8,2.05,,,1.83,2.05,1.78,2,1.88,2.11,,,,,,,,,,,,,,,,,,,,,,,,,,,,,,,,,,,,,,,,,,,,,,,,,,,,,,
E0,07/02/2026,15:00,Wolves,Chelsea,J Gillett,5,4,1.67,5,4.2,1.67,5.4,4.2,1.63,5,4,1.65,5,4,1.66,,,,,,,,,,5.4,4.2,1.7,4.9,4.05,1.65,5.4,4.3,1.69,1.73,2.1,,,1.73,2.2,1.68,2.12,1.78,2.26,0.75,2.03,1.83,,,2.04,1.85,1.97,1.8,2.11,1.88,,,,,,,,,,,,,,,,,,,,,,,,,,,,,,,,,,,,,,,,,,,,,,,,,,,,,,
E0,07/02/2026,17:30,Newcastle,Brentford,A Madley,2.1,3.5,3.5,2.05,3.75,3.5,2.06,3.55,3.65,2.05,3.6,3.5,2.05,3.6,3.4,,,,,,,,,,2.1,3.75,3.75,2.05,3.53,3.51,2.12,3.75,3.75,1.73,2.1,,,1.73,2.2,1.67,2.14,1.75,2.28,-0.25,1.8,2.05,,,1.83,2.06,1.75,2.02,1.84,2.16,,,,,,,,,,,,,,,,,,,,,,,,,,,,,,,,,,,,,,,,,,,,,,,,,,,,,,
E0,08/02/2026,14:00,Brighton,Crystal Palace,T Bramall,1.95,3.5,3.9,2,3.75,3.6,1.97,3.7,3.8,1.93,3.6,3.6,2,3.5,3.6,,,,,,,,,,2,3.75,3.9,1.96,3.57,3.68,2.06,3.7,4,1.8,2,,,1.85,2,1.79,1.96,1.9,2.08,-0.5,1.98,1.88,,,1.98,1.9,1.92,1.82,2.06,1.92,,,,,,,,,,,,,,,,,,,,,,,,,,,,,,,,,,,,,,,,,,,,,,,,,,,,,,
E0,08/02/2026,16:30,Liverpool,Man City,C Pawson,2.38,3.7,2.75,2.38,3.75,2.8,2.35,3.75,2.88,2.3,3.7,2.75,2.35,3.7,2.75,,,,,,,,,,2.42,3.75,2.88,2.34,3.68,2.76,2.48,3.85,2.94,1.57,2.38,,,1.6,2.4,1.56,2.36,1.61,2.56,-0.25,2.05,1.8,,,2.05,1.83,2,1.77,2.15,1.85,,,,,,,,,,,,,,,,,,,,,,,,,,,,,,,,,,,,,,,,,,,,,,,,,,,,,,
E1,06/02/2026,20:01,Charlton,QPR,T Nield,2.85,3,2.57,2.8,3.1,2.63,2.8,3.15,2.75,2.9,3,2.63,2.75,3.1,2.65,,,,,,,,,,2.9,3.15,2.75,2.83,3.04,2.63,3.05,3.2,2.72,2.3,1.62,,,2.36,1.65,2.26,1.6,2.44,1.67,0,2.03,1.83,,,2.03,1.85,1.96,1.8,2.11,1.87,,,,,,,,,,,,,,,,,,,,,,,,,,,,,,,,,,,,,,,,,,,,,,,,,,,,,,
E1,07/02/2026,12:31,Derby,Ipswich,J Smith,3.6,3.4,2.01,3.75,3.25,2.05,3.75,3.15,2.18,3.7,3.3,2.05,3.6,3.3,2.1,,,,,,,,,,3.75,3.5,2.18,3.64,3.3,2.05,3.75,3.55,2.16,2.1,1.73,,,2.15,1.73,2.1,1.69,2.22,1.78,0.5,1.8,2.05,,,1.83,2.05,1.75,1.99,1.83,2.16,,,,,,,,,,,,,,,,,,,,,,,,,,,,,,,,,,,,,,,,,,,,,,,,,,,,,,
E1,07/02/2026,12:31,Norwich,Blackburn,J Linington,1.91,3.5,3.75,1.95,3.4,4,1.96,3.5,4.1,1.93,3.5,3.9,2,3.5,3.7,,,,,,,,,,2.05,3.5,4.1,1.95,3.44,3.84,2.02,3.65,4.2,2,1.8,,,2.05,1.83,1.98,1.77,2.12,1.85,-0.5,1.95,1.9,,,1.95,1.9,1.91,1.82,2.02,1.95,,,,,,,,,,,,,,,,,,,,,,,,,,,,,,,,,,,,,,,,,,,,,,,,,,,,,,
E1,07/02/2026,12:31,Southampton,Watford,E Bell,1.81,3.7,4,1.9,3.5,4,1.92,3.6,4.1,1.85,3.7,4,1.88,3.6,4,,,,,,,,,,1.92,3.7,4.2,1.87,3.61,3.97,1.96,3.95,4.1,1.83,2.03,,,1.83,2.03,1.79,1.96,1.88,2.08,-0.5,1.88,1.98,,,1.9,1.98,1.83,1.91,1.96,2.02,,,,,,,,,,,,,,,,,,,,,,,,,,,,,,,,,,,,,,,,,,,,,,,,,,,,,,
E1,07/02/2026,15:01,Birmingham,Leicester,J Busby,1.66,3.8,4.5,1.73,3.75,4.6,1.75,3.9,4.75,1.7,3.8,4.8,1.72,3.8,4.6,,,,,,,,,,1.75,4,4.8,1.71,3.78,4.61,1.78,4.1,5,1.91,1.91,,,1.91,2,1.81,1.94,1.89,2.06,-0.75,1.95,1.9,,,1.95,1.9,1.89,1.87,2,1.96,,,,,,,,,,,,,,,,,,,,,,,,,,,,,,,,,,,,,,,,,,,,,,,,,,,,,,
E1,07/02/2026,15:01,Coventry,Oxford,R Ricardo,1.39,4.75,7,1.4,4.6,7.5,1.44,4.7,7.5,1.4,4.75,7.5,1.43,5,6.5,,,,,,,,,,1.44,5,7.5,1.41,4.7,7.15,1.42,5.2,8,1.62,2.3,,,1.64,2.35,1.61,2.24,1.68,2.38,-1.25,1.93,1.93,,,1.93,1.95,1.87,1.89,1.93,2.01,,,,,,,,,,,,,,,,,,,,,,,,,,,,,,,,,,,,,,,,,,,,,,,,,,,,,,
E1,07/02/2026,15:01,Hull,Bristol City,O Langford,2.3,3.3,3,2.3,3.25,3.1,2.32,3.4,3.15,2.38,3.3,3,2.35,3.4,2.9,,,,,,,,,,2.38,3.4,3.15,2.33,3.32,3,2.42,3.6,3.1,2,1.8,,,2,1.91,1.93,1.82,2.04,1.9,-0.25,2.03,1.83,,,2.03,1.85,1.96,1.79,2.08,1.87,,,,,,,,,,,,,,,,,,,,,,,,,,,,,,,,,,,,,,,,,,,,,,,,,,,,,,
E1,07/02/2026,15:01,Preston,Portsmouth,A Herczeg,2.32,3.2,3.1,2.4,3.1,3.1,2.38,3.25,3.2,2.4,3.2,3,2.45,3.2,2.95,,,,,,,,,,2.45,3.25,3.2,2.38,3.15,3.06,2.52,3.4,3.2,2.3,1.62,,,2.3,1.66,2.23,1.62,2.38,1.67,-0.25,2.05,1.8,,,2.05,1.83,1.99,1.77,2.15,1.85,,,,,,,,,,,,,,,,,,,,,,,,,,,,,,,,,,,,,,,,,,,,,,,,,,,,,,
E1,07/02/2026,15:01,West Brom,Stoke,D Webb,2.2,3.1,3.3,2.25,3.1,3.4,2.2,3.25,3.55,2.25,3.2,3.3,2.25,3.3,3.25,,,,,,,,,,2.28,3.3,3.55,2.23,3.18,3.33,2.3,3.45,3.55,2.2,1.67,,,2.25,1.68,2.22,1.62,2.38,1.68,-0.25,1.95,1.9,,,1.95,1.93,1.89,1.87,1.97,2,,,,,,,,,,,,,,,,,,,,,,,,,,,,,,,,,,,,,,,,,,,,,,,,,,,,,,
E1,07/02/2026,15:01,Wrexham,Millwall,T Robinson,2.5,3.3,2.7,2.6,3.1,2.88,2.6,3.2,2.9,2.55,3.25,2.8,2.5,3.25,2.85,,,,,,,,,,2.6,3.33,2.9,2.54,3.21,2.8,2.74,3.35,2.88,2.1,1.73,,,2.1,1.73,2.09,1.7,2.2,1.79,0,1.85,2,,,1.85,2,1.81,1.94,1.92,2.04,,,,,,,,,,,,,,,,,,,,,,,,,,,,,,,,,,,,,,,,,,,,,,,,,,,,,,
E1,08/02/2026,12:01,Swansea,Sheffield Weds,T Kirk,1.27,5.25,9.5,1.3,5,11,1.34,5.1,10.5,1.3,5,10.5,1.34,5.25,8.75,,,,,,,,,,1.34,5.33,11,1.31,5.03,9.79,1.33,5.6,12.5,1.8,2,,,1.8,2.12,1.75,2.01,1.84,2.12,-1.5,1.98,1.88,,,1.98,1.88,1.92,1.81,1.98,1.92,,,,,,,,,,,,,,,,,,,,,,,,,,,,,,,,,,,,,,,,,,,,,,,,,,,,,,
E1,09/02/2026,20:01,Sheffield United,Middlesbrough,G Ward,2.2,3.5,3.1,2.25,3.4,3.1,2.33,3.4,3.15,2.2,3.4,2.9,2.25,3.4,3.1,,,,,,,,,,2.33,3.5,3.2,2.24,3.38,3.05,2.34,3.45,3.1,1.8,2,,,1.87,2,1.8,1.94,1.93,2.02,-0.25,1.98,1.88,,,1.98,1.9,1.93,1.83,2.04,1.84,,,,,,,,,,,,,,,,,,,,,,,,,,,,,,,,,,,,,,,,,,,,,,,,,,,,,,
E2,07/02/2026,12:31,Luton,Bradford,R Eley,1.91,3.2,4,2.05,3.25,3.75,2.12,3.25,3.5,1.95,3.4,3.9,2,3.3,3.6,,,,,,,,,,2.12,3.4,4,1.99,3.28,3.76,2.1,3.35,4.2,2.15,1.67,,,2.16,1.73,2.1,1.67,2.24,1.76,-0.5,1.98,1.88,,,2.02,1.88,1.95,1.77,2.09,1.87,,,,,,,,,,,,,,,,,,,,,,,,,,,,,,,,,,,,,,,,,,,,,,,,,,,,,,
E2,07/02/2026,12:31,Port Vale,Burton,W Finnie,2.3,3.4,2.85,2.38,3.2,3,2.38,3.2,3,2.4,3.2,3,2.37,3.3,2.85,,,,,,,,,,2.42,3.4,3,2.36,3.24,2.92,2.5,3.35,2.98,2.15,1.67,,,2.2,1.7,2.12,1.66,2.2,1.7,-0.25,2.05,1.8,,,2.05,1.83,2,1.74,2.14,1.77,,,,,,,,,,,,,,,,,,,,,,,,,,,,,,,,,,,,,,,,,,,,,,,,,,,,,,
E2,07/02/2026,15:01,AFC Wimbledon,Reading,D Baines,2.57,3.3,2.5,2.75,3.2,2.63,2.7,3.25,2.6,2.7,3.2,2.63,2.6,3.25,2.6,,,,,,,,,,2.75,3.4,2.64,2.66,3.23,2.58,2.88,3.45,2.64,2.1,1.7,,,2.15,1.73,2.08,1.68,2.14,1.79,0,1.98,1.88,,,1.98,1.91,1.89,1.84,2.06,1.88,,,,,,,,,,,,,,,,,,,,,,,,,,,,,,,,,,,,,,,,,,,,,,,,,,,,,,
E2,07/02/2026,15:01,Bolton,Barnsley,S Oldham,1.62,3.8,4.75,1.7,4,4.6,1.67,3.85,4.8,1.67,3.9,4.75,1.7,3.9,4.4,,,,,,,,,,1.7,4,4.8,1.67,3.87,4.65,1.69,4.2,5.1,1.67,2.15,,,1.67,2.2,1.64,2.14,1.7,2.18,-0.75,1.88,1.98,,,1.91,1.98,1.82,1.9,1.87,2.05,,,,,,,,,,,,,,,,,,,,,,,,,,,,,,,,,,,,,,,,,,,,,,,,,,,,,,
E2,07/02/2026,15:01,Huddersfield,Blackpool,R Joyce,1.62,3.75,4.75,1.67,3.75,5,1.62,3.95,5.2,1.67,3.8,5,1.66,3.8,4.75,,,,,,,,,,1.7,3.95,5.2,1.66,3.76,4.86,1.69,3.9,5.3,1.85,1.95,,,1.91,2.02,1.81,1.92,1.87,1.96,-0.75,1.88,1.98,,,1.91,1.98,1.82,1.91,1.9,2.03,,,,,,,,,,,,,,,,,,,,,,,,,,,,,,,,,,,,,,,,,,,,,,,,,,,,,,
E2,07/02/2026,15:01,Mansfield,Exeter,S Mather,2.1,3.3,3.25,2.2,3.3,3.25,2.18,3.4,3.15,2.2,3.4,3.25,2.2,3.3,3.1,,,,,,,,,,2.22,3.4,3.3,2.18,3.31,3.19,2.26,3.5,3.3,2,1.8,,,2.05,1.86,1.97,1.77,2.06,1.79,-0.25,1.9,1.95,,,1.9,1.95,1.84,1.87,1.97,1.94,,,,,,,,,,,,,,,,,,,,,,,,,,,,,,,,,,,,,,,,,,,,,,,,,,,,,,
E2,07/02/2026,15:01,Northampton,Stevenage,O Yates,3.1,3.1,2.3,3.2,3,2.4,3.2,3.15,2.32,3.2,3,2.38,3.1,3,2.35,,,,,,,,,,3.2,3.25,2.45,3.09,3.07,2.36,3.25,3.15,2.34,2.5,1.5,,,2.63,1.52,2.48,1.49,2.52,1.55,0.25,1.83,2.03,,,1.83,2.05,1.77,1.97,1.82,2.02,,,,,,,,,,,,,,,,,,,,,,,,,,,,,,,,,,,,,,,,,,,,,,,,,,,,,,
E2,07/02/2026,15:01,Peterboro,Wigan,S Parkinson,2.15,3.3,3.2,2.25,3.25,3.2,2.33,3.3,3,2.3,3.3,3,2.25,3.25,3,,,,,,,,,,2.33,3.3,3.2,2.27,3.26,3.06,2.32,3.4,3.4,1.95,1.85,,,2,1.85,1.94,1.79,2.02,1.83,-0.25,1.98,1.88,,,1.98,1.88,1.93,1.79,1.98,1.94,,,,,,,,,,,,,,,,,,,,,,,,,,,,,,,,,,,,,,,,,,,,,,,,,,,,,,
E2,07/02/2026,15:01,Plymouth,Lincoln,S Martin,2.65,3.3,2.45,2.75,3.25,2.6,2.7,3.25,2.6,2.7,3.3,2.55,2.75,3.3,2.45,,,,,,,,,,2.75,3.3,2.6,2.69,3.26,2.54,2.76,3.5,2.7,2.03,1.83,,,2.03,1.83,1.95,1.78,2.02,1.84,0,1.98,1.88,,,1.98,1.88,1.93,1.81,1.97,1.98,,,,,,,,,,,,,,,,,,,,,,,,,,,,,,,,,,,,,,,,,,,,,,,,,,,,,,
E2,07/02/2026,15:01,Rotherham,Cardiff,S Stockbridge,3.8,3.5,1.86,4,3.4,1.95,4.2,3.6,1.82,3.8,3.5,1.93,3.8,3.5,1.9,,,,,,,,,,4.2,3.6,1.95,3.9,3.48,1.89,4.2,3.6,1.96,1.95,1.85,,,1.95,1.91,1.88,1.85,1.98,1.9,0.5,1.88,1.98,,,1.9,1.98,1.85,1.87,2,1.96,,,,,,,,,,,,,,,,,,,,,,,,,,,,,,,,,,,,,,,,,,,,,,,,,,,,,,
E2,07/02/2026,15:01,Stockport,Leyton Orient,A Humphries,1.61,3.9,4.75,1.67,3.75,5,1.67,3.9,4.75,1.65,3.9,5,1.62,3.9,5,,,,,,,,,,1.67,4,5,1.64,3.86,4.9,1.65,4.3,5.7,1.8,2,,,1.8,2.08,1.74,2,1.8,2.12,-0.75,1.83,2.03,,,1.83,2.03,1.78,1.95,1.82,2.14,,,,,,,,,,,,,,,,,,,,,,,,,,,,,,,,,,,,,,,,,,,,,,,,,,,,,,
E2,07/02/2026,15:01,Wycombe,Doncaster,K Dowle,2.01,3.5,3.4,2.05,3.4,3.5,2.07,3.35,3.5,2.1,3.4,3.4,2,3.4,3.5,,,,,,,,,,2.1,3.5,3.5,2.06,3.37,3.42,2.2,3.3,3.55,1.95,1.85,,,1.95,1.91,1.89,1.83,1.96,1.88,-0.25,1.8,2.05,,,1.83,2.05,1.76,1.96,1.88,2.03,,,,,,,,,,,,,,,,,,,,,,,,,,,,,,,,,,,,,,,,,,,,,,,,,,,,,,
E3,05/02/2026,20:01,Accrington,Salford,D Drysdale,3.4,3.2,2.01,3.4,3.3,2.15,3.15,3.3,2.14,3.3,3.25,2.05,3.3,3.3,2.1,3.4,3.4,2.15,3.4,3.4,2.1,,,,3.4,3.4,2.2,3.3,3.28,2.11,3.45,3.3,2.18,2.05,1.75,,,2.05,1.88,1.94,1.78,2.08,1.79,0.25,2.03,1.83,,,2.03,1.85,1.91,1.81,2.01,1.89,,,,,,,,,,,,,,,,,,,,,,,,,,,,,,,,,,,,,,,,,,,,,,,,,,,,,,
E3,07/02/2026,12:31,Crawley Town,Crewe,B Speedie,2.05,3.7,3.1,2.15,3.5,3.2,2.12,3.35,3.1,2.15,3.5,3.13,2.15,3.6,3,,,,,,,,,,2.2,3.7,3.2,2.13,3.49,3.08,2.18,3.7,3.4,1.73,2.08,,,1.8,2.08,1.73,2,1.76,2.08,-0.25,1.88,1.98,,,1.9,1.98,1.83,1.89,1.89,2.08,,,,,,,,,,,,,,,,,,,,,,,,,,,,,,,,,,,,,,,,,,,,,,,,,,,,,,
E3,07/02/2026,12:31,Swindon,Oldham,D Rock,2.05,3.5,3.2,2.2,3.3,3.3,2.02,3.35,3.4,2.15,3.4,3.25,2.1,3.4,3.3,,,,,,,,,,2.2,3.5,3.4,2.11,3.37,3.26,2.16,3.45,3.4,1.9,1.9,,,1.91,1.91,1.87,1.85,1.95,1.9,-0.25,1.85,2,,,1.85,2,1.79,1.93,1.86,2.06,,,,,,,,,,,,,,,,,,,,,,,,,,,,,,,,,,,,,,,,,,,,,,,,,,,,,,
E3,07/02/2026,15:01,Bristol Rvs,Chesterfield,M Russell,2.35,3.5,2.65,2.5,3.3,2.75,2.55,3.25,2.55,2.45,3.3,2.8,2.55,3.4,2.55,,,,,,,,,,2.55,3.5,2.8,2.47,3.34,2.67,2.6,3.4,2.8,1.95,1.85,,,1.96,1.91,1.89,1.83,2.06,1.86,0,1.8,2.05,,,1.85,2.05,1.77,1.96,1.89,2.03,,,,,,,,,,,,,,,,,,,,,,,,,,,,,,,,,,,,,,,,,,,,,,,,,,,,,,
E3,07/02/2026,15:01,Cheltenham,Milton Keynes Dons,C Brook,4.2,3.7,1.71,4.6,3.5,1.8,4.5,3.4,1.75,4.6,3.6,1.75,4.4,3.6,1.75,,,,,,,,,,4.6,3.8,1.8,4.38,3.56,1.76,4.7,3.9,1.8,2.05,1.75,,,2.1,1.75,2,1.73,2.08,1.84,0.75,1.8,2.05,,,1.83,2.05,1.77,1.96,1.89,2.05,,,,,,,,,,,,,,,,,,,,,,,,,,,,,,,,,,,,,,,,,,,,,,,,,,,,,,
E3,07/02/2026,15:01,Colchester,Shrewsbury,J Oldham,1.57,3.8,5.25,1.62,3.75,5.5,1.64,3.5,5.25,1.62,3.8,5.5,1.65,3.8,5,,,,,,,,,,1.65,3.8,5.5,1.61,3.72,5.31,1.64,4.1,6,2,1.85,,,2.02,1.85,1.95,1.77,2.04,1.86,-0.75,1.8,2.05,,,1.83,2.05,1.78,1.95,1.82,2.16,,,,,,,,,,,,,,,,,,,,,,,,,,,,,,,,,,,,,,,,,,,,,,,,,,,,,,
E3,07/02/2026,15:01,Fleetwood Town,Bromley,N Hair,3.5,3.5,1.96,3.4,3.4,2.1,3.3,3.25,2.08,3.4,3.5,2.05,3.3,3.4,2.05,,,,,,,,,,3.5,3.6,2.1,3.38,3.42,2.04,3.65,3.6,2.14,1.93,1.93,,,1.93,1.93,1.85,1.86,1.92,1.94,0.25,2.05,1.75,,,2.05,1.83,1.97,1.75,2.15,1.85,,,,,,,,,,,,,,,,,,,,,,,,,,,,,,,,,,,,,,,,,,,,,,,,,,,,,,
E3,07/02/2026,15:01,Gillingham,Tranmere,C Hicks,1.68,3.8,4.33,1.8,3.6,4.5,1.81,3.5,3.95,1.75,3.7,4.5,1.75,3.7,4.33,,,,,,,,,,1.81,3.8,4.5,1.76,3.62,4.3,1.77,3.65,4.6,1.88,1.98,,,1.91,1.98,1.82,1.9,1.88,1.94,-0.75,2,1.85,,,2,1.85,1.96,1.77,2.02,1.82,,,,,,,,,,,,,,,,,,,,,,,,,,,,,,,,,,,,,,,,,,,,,,,,,,,,,,
E3,07/02/2026,15:01,Harrogate,Cambridge,E Duckworth,5.75,3.9,1.51,6.5,3.75,1.57,5.5,3.65,1.58,6.5,3.9,1.53,5.75,4,1.55,,,,,,,,,,6.5,4,1.58,6,3.82,1.54,7,3.8,1.56,2.05,1.75,,,2.1,1.8,1.99,1.75,2.04,1.79,1,1.83,2.03,,,1.85,2.03,1.78,1.94,1.85,1.98,,,,,,,,,,,,,,,,,,,,,,,,,,,,,,,,,,,,,,,,,,,,,,,,,,,,,,
E3,07/02/2026,15:01,Newport County,Grimsby,D Bourne,4,3.75,1.76,4.2,3.6,1.83,4.1,3.55,1.79,4.2,3.7,1.8,4.2,3.7,1.78,,,,,,,,,,4.25,3.8,1.83,4.13,3.65,1.78,4.5,3.85,1.84,1.8,2,,,1.83,2,1.76,1.96,1.81,2.02,0.5,2.03,1.83,,,2.03,1.83,1.97,1.75,2.13,1.84,,,,,,,,,,,,,,,,,,,,,,,,,,,,,,,,,,,,,,,,,,,,,,,,,,,,,,
E3,07/02/2026,15:01,Notts County,Barrow,M Barlow,1.51,4.1,5.25,1.57,4,5.5,1.58,3.75,5.2,1.55,4.1,5.75,1.58,4,5.25,,,,,,,,,,1.58,4.2,5.75,1.55,3.97,5.48,1.65,4.1,5.7,1.8,2,,,1.83,2,1.77,1.96,1.84,2.02,-1,2,1.85,,,2,1.85,1.92,1.8,2.09,1.82,,,,,,,,,,,,,,,,,,,,,,,,,,,,,,,,,,,,,,,,,,,,,,,,,,,,,,
E3,07/02/2026,15:01,Walsall,Barnet,P Marsden,3.1,3.25,2.2,3.2,3.2,2.3,3.1,3.05,2.23,3.2,3.25,2.25,3,3.4,2.2,,,,,,,,,,3.2,3.4,2.36,3.09,3.2,2.26,3.25,3.3,2.38,2.15,1.67,,,2.15,1.73,2.1,1.66,2.2,1.74,0.25,1.88,1.98,,,1.88,1.98,1.8,1.91,1.88,2.04,,,,,,,,,,,,,,,,,,,,,,,,,,,,,,,,,,,,,,,,,,,,,,,,,,,,,,
EC,07/02/2026,15:00,Aldershot,Halifax,A Ajibola,2.05,3.6,3.1,2.1,3.5,3.2,2.1,3.35,3,2.1,3.5,3,2,3.4,2.95,,,,,,,,,,2.12,3.6,3.2,2.08,3.44,3.07,2.18,3.6,3,1.67,2.15,,,1.7,2.2,1.64,2.12,1.61,2.18,-0.25,1.85,1.95,,,1.85,1.95,1.82,1.88,1.92,1.91,,,,,,,,,,,,,,,,,,,,,,,,,,,,,,,,,,,,,,,,,,,,,,,,,,,,,,
EC,07/02/2026,15:00,Altrincham,Yeovil,G Thomas,2,3.3,3.4,2.05,3.4,3.4,2,3.15,3.4,2,3.3,3.4,1.98,3.3,3.2,,,,,,,,,,2.08,3.6,3.4,2.02,3.36,3.31,2.2,3.35,3.6,1.93,1.88,,,1.93,1.88,1.87,1.83,1.89,1.91,-0.5,2.05,1.75,,,2.05,1.75,1.99,1.71,2.2,1.78,,,,,,,,,,,,,,,,,,,,,,,,,,,,,,,,,,,,,,,,,,,,,,,,,,,,,,
EC,07/02/2026,15:00,Boston Utd,Sutton,M Scholes,2.15,3.5,2.9,2.25,3.4,2.88,2.28,3.25,2.75,2.2,3.4,2.88,2.15,3.3,2.8,,,,,,,,,,2.3,3.5,3,2.22,3.36,2.87,2.32,3.5,3.1,1.75,2.05,,,1.75,2.05,1.73,1.98,1.8,2.06,-0.25,1.98,1.83,,,1.98,1.85,1.91,1.8,2.01,1.95,,,,,,,,,,,,,,,,,,,,,,,,,,,,,,,,,,,,,,,,,,,,,,,,,,,,,,
EC,07/02/2026,15:00,Brackley Town,Solihull,A Bannister,2.63,3.3,2.4,2.63,3.25,2.5,2.55,3.1,2.55,2.6,3.3,2.45,2.55,3.3,2.35,,,,,,,,,,2.71,3.3,2.55,2.62,3.24,2.47,2.62,3.15,2.46,1.8,2,,,1.8,2,1.77,1.93,1.7,1.91,0,2,1.8,,,2,1.8,1.92,1.78,2.17,1.73,,,,,,,,,,,,,,,,,,,,,,,,,,,,,,,,,,,,,,,,,,,,,,,,,,,,,,
EC,07/02/2026,15:00,Gateshead,Braintree Town,D Watson,2.1,3.5,3,2.1,3.5,3.1,2.2,3.25,2.8,2.1,3.6,2.9,2.1,3.4,2.8,,,,,,,,,,2.2,3.6,3.1,2.12,3.47,2.95,2.22,3.8,3.05,1.6,2.3,,,1.61,2.3,1.59,2.21,1.61,2.32,-0.25,1.88,1.93,,,1.88,1.93,1.83,1.87,1.94,1.94,,,,,,,,,,,,,,,,,,,,,,,,,,,,,,,,,,,,,,,,,,,,,,,,,,,,,,
EC,07/02/2026,15:00,Morecambe,Truro,Z Kennard-Kettle,1.85,3.5,3.7,1.91,3.5,3.75,1.76,3.5,3.9,1.85,3.5,3.7,1.87,3.4,3.4,,,,,,,,,,1.91,3.66,3.9,1.85,3.5,3.71,1.91,3.7,3.85,1.75,2.05,,,1.75,2.05,1.72,1.99,,,-0.5,1.88,1.93,,,1.88,1.93,1.83,1.86,,,,,,,,,,,,,,,,,,,,,,,,,,,,,,,,,,,,,,,,,,,,,,,,,,,,,,,,
EC,07/02/2026,15:00,Rochdale,Carlisle,C Breakspear,1.73,3.5,4.33,1.73,3.6,4.33,1.79,3.5,3.75,1.75,3.5,4.2,1.72,3.4,4,,,,,,,,,,1.79,3.6,4.33,1.75,3.5,4.15,1.9,3.25,4.3,1.9,1.9,,,1.9,2.08,1.8,1.9,1.82,1.8,-0.75,2,1.8,,,2,1.8,1.95,1.76,2.08,1.79,,,,,,,,,,,,,,,,,,,,,,,,,,,,,,,,,,,,,,,,,,,,,,,,,,,,,,
EC,07/02/2026,15:00,Scunthorpe,Southend,B Atkinson,2.63,3.3,2.45,2.63,3.3,2.5,2.7,3.2,2.35,2.6,3.3,2.45,2.55,3.25,2.35,,,,,,,,,,2.7,3.6,2.5,2.59,3.34,2.43,2.44,3.2,2.44,1.83,1.98,,,1.83,1.98,1.79,1.91,1.72,1.31,0,1.98,1.83,,,1.98,1.83,1.9,1.8,1.8,2,,,,,,,,,,,,,,,,,,,,,,,,,,,,,,,,,,,,,,,,,,,,,,,,,,,,,,
EC,07/02/2026,15:00,Tamworth,Hartlepool,M Mcquillan,2.8,3.25,2.35,2.88,3.2,2.4,2.8,3.05,2.33,2.88,3.2,2.3,2.75,3.2,2.25,,,,,,,,,,3,3.25,2.4,2.87,3.14,2.33,2.76,3.05,2.24,2,1.8,,,2,1.8,1.95,1.75,1.93,1.72,0.25,1.78,2.03,,,1.78,2.03,1.74,1.98,1.69,1.92,,,,,,,,,,,,,,,,,,,,,,,,,,,,,,,,,,,,,,,,,,,,,,,,,,,,,,
EC,07/02/2026,15:00,Woking,Boreham Wood,J Westgate,3.7,3.5,1.85,3.75,3.5,1.91,3.8,3.35,1.83,3.6,3.4,1.9,3.4,3.4,1.87,,,,,,,,,,3.8,3.8,2,3.53,3.5,1.9,3.65,3.45,1.99,1.8,2,,,1.8,2,1.76,1.94,1.83,2,0.5,1.88,1.93,,,1.88,1.93,1.8,1.89,1.84,1.99,,,,,,,,,,,,,,,,,,,,,,,,,,,,,,,,,,,,,,,,,,,,,,,,,,,,,,
EC,07/02/2026,15:00,York,Forest Green,M Coy,1.75,3.8,3.8,1.8,3.75,4,1.76,3.6,3.75,1.73,3.8,3.9,1.72,3.7,3.7,,,,,,,,,,1.8,3.8,4,1.75,3.75,3.84,1.79,3.95,4.4,1.53,2.4,,,1.57,2.4,1.52,2.35,1.57,2.44,-0.5,1.75,2.05,,,1.75,2.05,1.72,1.97,1.79,2.12,,,,,,,,,,,,,,,,,,,,,,,,,,,,,,,,,,,,,,,,,,,,,,,,,,,,,,
EC,07/02/2026,17:30,Eastleigh,Wealdstone,J Richardson,2.1,3.3,3.2,2.15,3.25,3.25,2.23,3.15,2.9,2.15,3.25,3.13,2.05,3.2,3.1,,,,,,,,,,2.23,3.3,3.25,2.15,3.23,3.12,2.1,3.15,2.92,2,1.8,,,2.05,1.83,1.93,1.77,2.06,1.77,-0.25,1.88,1.93,,,1.88,1.93,1.84,1.86,1.81,1.81,,,,,,,,,,,,,,,,,,,,,,,,,,,,,,,,,,,,,,,,,,,,,,,,,,,,,,
F1,06/02/2026,19:45,Metz,Lille,,6,4.2,1.55,5.5,4.2,1.57,5.75,4.3,1.55,6,4.2,1.53,5.5,4.1,1.58,,,,,,,,,,6,4.3,1.58,5.71,4.16,1.55,6.4,4.4,1.6,1.73,2.1,,,1.77,2.1,1.73,2.04,1.82,2.2,1,1.93,1.93,,,1.93,1.93,1.88,1.9,1.94,2.01,,,,,,,,,,,,,,,,,,,,,,,,,,,,,,,,,,,,,,,,,,,,,,,,,,,,,,
F1,07/02/2026,16:00,Lens,Rennes,,1.75,3.8,4.5,1.8,4,4,1.78,3.95,4.2,1.73,3.8,4,1.78,3.9,4.1,,,,,,,,,,1.8,4,4.5,1.76,3.81,4.19,1.82,4,4.6,1.62,2.3,,,1.62,2.38,1.58,2.29,1.69,2.36,-0.75,2.03,1.83,,,2.03,1.83,1.97,1.81,2.04,1.9,,,,,,,,,,,,,,,,,,,,,,,,,,,,,,,,,,,,,,,,,,,,,,,,,,,,,,
F1,07/02/2026,18:00,Brest,Lorient,,2.2,3.1,3.5,2.25,3.25,3.25,2.25,3.25,3.3,2.15,3.2,3.2,2.25,3.2,3.3,,,,,,,,,,2.28,3.25,3.6,2.22,3.13,3.35,2.3,3.3,3.7,2.1,1.73,,,2.1,1.75,2.05,1.72,2.16,1.8,-0.25,1.9,1.95,,,1.92,1.95,1.89,1.89,1.95,2.01,,,,,,,,,,,,,,,,,,,,,,,,,,,,,,,,,,,,,,,,,,,,,,,,,,,,,,
F1,07/02/2026,20:05,Nantes,Lyon,,4.75,3.75,1.73,5,3.75,1.7,5.1,3.85,1.68,4.75,3.6,1.67,4.8,3.7,1.72,,,,,,,,,,5.1,4,1.73,4.87,3.72,1.69,5.4,3.95,1.76,1.91,1.91,,,1.91,1.91,1.87,1.86,1.99,1.93,0.75,1.93,1.93,,,1.95,1.93,1.91,1.86,1.99,1.97,,,,,,,,,,,,,,,,,,,,,,,,,,,,,,,,,,,,,,,,,,,,,,,,,,,,,,
F1,08/02/2026,14:00,Nice,Monaco,,3.1,3.75,2.15,3,4,2.1,3,3.9,2.15,2.9,3.7,2.1,3,3.75,2.15,,,,,,,,,,3.1,4,2.16,3.01,3.76,2.13,3.3,3.9,2.2,1.5,2.63,,,1.5,2.63,1.48,2.55,1.56,2.68,0.25,1.98,1.88,,,1.98,1.9,1.92,1.85,2.02,1.92,,,,,,,,,,,,,,,,,,,,,,,,,,,,,,,,,,,,,,,,,,,,,,,,,,,,,,
F1,08/02/2026,16:15,Angers,Toulouse,,3.4,3.2,2.25,3.4,3.2,2.2,3.65,3.2,2.15,3.3,3,2.2,3.4,3.2,2.2,,,,,,,,,,3.65,3.2,2.28,3.43,3.1,2.21,3.7,3.15,2.32,2.38,1.57,,,2.38,1.57,2.34,1.55,2.5,1.63,0.25,1.93,1.93,,,1.98,1.93,1.91,1.86,1.97,1.96,,,,,,,,,,,,,,,,,,,,,,,,,,,,,,,,,,,,,,,,,,,,,,,,,,,,,,
F1,08/02/2026,16:15,Auxerre,Paris FC,,2.45,3.3,2.9,2.4,3.3,2.88,2.55,3.15,2.88,2.4,3.13,2.8,2.55,3.2,2.85,,,,,,,,,,2.55,3.3,2.9,2.46,3.18,2.87,2.58,3.35,3.05,2.2,1.67,,,2.2,1.73,2.11,1.68,2.24,1.76,0,1.78,2.1,,,1.78,2.1,1.73,2.03,1.82,2.15,,,,,,,,,,,,,,,,,,,,,,,,,,,,,,,,,,,,,,,,,,,,,,,,,,,,,,
F1,08/02/2026,16:15,Le Havre,Strasbourg,,4,3.5,1.91,3.75,3.5,1.95,3.95,3.4,1.97,3.9,3.4,1.85,4.1,3.5,1.9,,,,,,,,,,4.1,3.6,1.97,3.91,3.47,1.91,4.4,3.6,1.94,2,1.85,,,2,1.91,1.93,1.82,2.02,1.92,0.5,1.93,1.93,,,1.93,1.93,1.87,1.86,2,1.94,,,,,,,,,,,,,,,,,,,,,,,,,,,,,,,,,,,,,,,,,,,,,,,,,,,,,,
F1,08/02/2026,19:45,Paris SG,Marseille,,1.42,5.25,6,1.4,5,7,1.38,5.3,7,1.36,4.75,6.5,1.42,5.25,6.25,,,,,,,,,,1.43,5.33,7,1.39,5.02,6.54,1.45,5.6,7.2,1.44,2.75,,,1.44,2.88,1.41,2.76,1.48,2.94,-1.25,1.88,1.98,,,1.88,2.02,1.82,1.95,1.9,2.03,,,,,,,,,,,,,,,,,,,,,,,,,,,,,,,,,,,,,,,,,,,,,,,,,,,,,,
F2,06/02/2026,19:00,Annecy,Grenoble,,1.83,3,4.1,1.95,3.1,4,1.88,3.1,4.3,1.9,3.1,4.5,1.88,3.25,4.2,,,,,,,,,,1.95,3.25,4.75,1.9,3.08,4.3,1.97,3.25,5,2.3,1.6,,,2.38,1.6,2.3,1.56,2.48,1.64,-0.5,1.9,1.9,,,1.95,1.9,1.86,1.85,1.97,2,,,,,,,,,,,,,,,,,,,,,,,,,,,,,,,,,,,,,,,,,,,,,,,,,,,,,,
F2,06/02/2026,19:00,Boulogne,Rodez,,2.2,3.1,2.9,2.3,3.2,3,2.35,3.2,2.8,2.25,3.3,3.1,2.3,3.25,3,,,,,,,,,,2.35,3.3,3.14,2.27,3.21,3,2.44,3.4,3.25,2.05,1.75,,,2.05,1.81,1.99,1.74,2.12,1.86,-0.25,1.95,1.85,,,1.98,1.85,1.92,1.78,2.08,1.89,,,,,,,,,,,,,,,,,,,,,,,,,,,,,,,,,,,,,,,,,,,,,,,,,,,,,,
F2,06/02/2026,19:00,Dunkerque,Guingamp,,2.1,3,3.25,2.15,3.2,3.3,2.17,3.15,3.25,2.15,3.13,3.5,2.15,3.2,3.3,,,,,,,,,,2.17,3.25,3.5,2.13,3.16,3.36,2.28,3.3,3.7,2.05,1.75,,,2.1,1.75,2.02,1.71,2.18,1.82,-0.25,1.83,1.98,,,1.85,1.98,1.8,1.9,1.94,2.01,,,,,,,,,,,,,,,,,,,,,,,,,,,,,,,,,,,,,,,,,,,,,,,,,,,,,,
F2,06/02/2026,19:00,Red Star,Pau FC,,2.15,3.1,3,2.38,3.1,3,2.3,3.2,2.95,2.25,3.3,3.1,2.35,3.25,2.95,,,,,,,,,,2.4,3.3,3.1,2.29,3.16,3.01,2.38,3.35,3.4,2.05,1.75,,,2.05,1.81,1.99,1.74,2.16,1.84,-0.25,1.95,1.85,,,2,1.85,1.94,1.78,2.03,1.93,,,,,,,,,,,,,,,,,,,,,,,,,,,,,,,,,,,,,,,,,,,,,,,,,,,,,,
F2,06/02/2026,19:00,Reims,Bastia,,1.67,3.25,4.75,1.7,3.4,5,1.64,3.5,5.3,1.7,3.5,5,1.71,3.5,5,,,,,,,,,,1.73,3.5,5.33,1.69,3.43,5.01,1.77,3.75,5.6,2.25,1.62,,,2.25,1.68,2.16,1.63,2.34,1.72,-0.75,1.95,1.85,,,1.95,1.9,1.87,1.84,2,1.95,,,,,,,,,,,,,,,,,,,,,,,,,,,,,,,,,,,,,,,,,,,,,,,,,,,,,,
F2,07/02/2026,13:00,Le Mans,Laval,,1.73,3,5,1.8,3.1,5,1.77,3.25,4.75,1.73,3.2,5.25,1.78,3.25,4.8,,,,,,,,,,1.8,3.33,5.33,1.74,3.19,5.06,1.77,3.35,6.2,2.7,1.44,,,2.7,1.54,2.57,1.45,2.74,1.51,-0.5,1.75,2.05,,,1.83,2.05,1.72,2,1.77,2.2,,,,,,,,,,,,,,,,,,,,,,,,,,,,,,,,,,,,,,,,,,,,,,,,,,,,,,
F2,07/02/2026,13:00,Nancy,Troyes,,3.25,3,2.1,3.4,3.1,2.15,3.1,3.1,2.25,3.4,3.2,2.1,3.3,3.3,2.1,,,,,,,,,,3.6,3.3,2.25,3.36,3.12,2.13,3.3,1.1,2.06,2.25,1.62,,,2.25,1.68,2.15,1.63,2.26,1.56,0.25,1.98,1.83,,,1.98,1.89,1.89,1.82,1.01,1.71,,,,,,,,,,,,,,,,,,,,,,,,,,,,,,,,,,,,,,,,,,,,,,,,,,,,,,
F2,07/02/2026,19:00,St Etienne,Montpellier,,1.83,3.4,3.6,1.83,3.5,4,1.88,3.4,3.8,1.87,3.6,3.7,1.87,3.6,3.8,,,,,,,,,,1.91,3.8,4,1.86,3.57,3.72,1.95,3.75,3.75,1.73,2.08,,,1.84,2.08,1.74,1.99,1.76,2.08,-0.5,1.9,1.9,,,1.9,1.95,1.84,1.86,1.95,1.9,,,,,,,,,,,,,,,,,,,,,,,,,,,,,,,,,,,,,,,,,,,,,,,,,,,,,,
F2,09/02/2026,19:45,Amiens,Clermont,,2.6,3,2.5,2.75,3.1,2.5,2.6,3.15,2.55,2.7,3.2,2.5,2.65,3.2,2.6,,,,,,,,,,2.75,3.2,2.6,2.68,3.11,2.53,2.8,2.8,2.52,2.1,1.7,,,2.1,1.72,2.07,1.68,,,0,1.98,1.83,,,1.98,1.85,1.94,1.8,,,,,,,,,,,,,,,,,,,,,,,,,,,,,,,,,,,,,,,,,,,,,,,,,,,,,,,,
G1,07/02/2026,15:00,Larisa,Panetolikos,,1.68,3.4,5.25,1.73,3.25,4.5,1.84,3.2,4.3,1.73,3.25,4.8,1.8,3.4,4.5,,,,,,,,,,1.84,3.4,5.25,1.75,3.31,4.64,1.76,3.4,5.6,2.35,1.57,,,2.35,1.63,2.27,1.56,1.47,1.25,-0.75,1.98,1.83,,,2.05,1.83,1.97,1.74,1.97,1.8,,,,,,,,,,,,,,,,,,,,,,,,,,,,,,,,,,,,,,,,,,,,,,,,,,,,,,
G1,07/02/2026,16:00,Asteras Tripolis,Volos NFC,,1.76,3.5,4.75,1.8,3.2,4.33,1.84,3.3,4.2,1.75,3.25,4.6,1.8,3.4,4.4,,,,,,,,,,1.84,3.5,4.75,1.78,3.3,4.43,1.82,3.6,5.5,2.35,1.57,,,2.4,1.62,2.31,1.55,2.46,1.56,-0.5,1.78,2.03,,,1.8,2.03,1.76,1.94,1.82,2.2,,,,,,,,,,,,,,,,,,,,,,,,,,,,,,,,,,,,,,,,,,,,,,,,,,,,,,
G1,07/02/2026,18:00,Kifisia,Atromitos,,2.35,3.1,3,2.38,3,2.88,,,,2.4,3,2.9,2.4,3.25,2.85,,,,,,,,,,2.5,3.25,3,2.4,3.03,2.93,2.52,3.05,3.1,2.35,1.57,,,2.38,1.62,2.3,1.56,2.36,1.25,-0.25,2.05,1.75,,,2.05,1.75,2.02,1.72,2.14,1.73,,,,,,,,,,,,,,,,,,,,,,,,,,,,,,,,,,,,,,,,,,,,,,,,,,,,,,
G1,08/02/2026,14:00,Panserraikos,AEK,,12,7,1.17,12,5.5,1.18,13,5.8,1.2,13,6,1.17,12,6.75,1.21,,,,,,,,,,13,7,1.21,12.38,6.14,1.18,13,7,1.21,1.53,2.4,,,1.58,2.4,1.53,2.35,1.57,2.48,1.75,2.03,1.78,,,2.05,1.8,2.01,1.73,,,,,,,,,,,,,,,,,,,,,,,,,,,,,,,,,,,,,,,,,,,,,,,,,,,,,,,,
G1,08/02/2026,15:00,OFI Crete,Levadeiakos,,3.6,3,2.2,3,3.2,2.2,3.15,3.05,2.28,3.1,3.25,2.15,3.1,3.3,2.2,,,,,,,,,,3.6,3.3,2.28,3.19,3.1,2.2,3.35,3.25,2.22,2,1.8,,,2.04,1.8,1.94,1.77,2,1.83,0.25,1.9,1.9,,,1.9,1.95,1.84,1.87,,,,,,,,,,,,,,,,,,,,,,,,,,,,,,,,,,,,,,,,,,,,,,,,,,,,,,,,
G1,08/02/2026,17:00,Aris,PAOK,,3.8,3.3,1.96,3.6,3.2,1.95,3.8,3.1,1.98,3.6,3.13,2,3.6,3.4,1.98,,,,,,,,,,3.8,3.4,2.08,3.65,3.17,1.99,1.04,1.03,2.06,2.25,1.62,,,2.25,1.62,2.21,1.6,2.3,1.25,0.5,1.8,2,,,1.8,2,1.75,1.95,,,,,,,,,,,,,,,,,,,,,,,,,,,,,,,,,,,,,,,,,,,,,,,,,,,,,,,,
G1,08/02/2026,19:00,Olympiakos,Panathinaikos,,1.51,4.1,5.75,1.5,3.75,6,1.56,3.7,5.75,1.5,3.8,6,1.52,4.1,6,,,,,,,,,,1.56,4.1,6.5,1.51,3.81,5.98,1.6,3.65,6.6,2.05,1.75,,,2.05,1.84,1.96,1.75,2.06,1.75,-1,1.95,1.85,,,1.95,1.85,1.9,1.8,,,,,,,,,,,,,,,,,,,,,,,,,,,,,,,,,,,,,,,,,,,,,,,,,,,,,,,,
I1,06/02/2026,19:45,Verona,Pisa,,2.55,3,3,2.5,3,3,2.38,3.1,3.25,2.55,2.9,3.1,2.45,3,3.1,,,,,,,,,,2.6,3.1,3.25,2.49,2.97,3.1,2.66,3.1,3.2,2.38,1.57,,,2.45,1.58,2.37,1.55,2.54,1.64,-0.25,2.15,1.68,,,2.15,1.8,2.06,1.73,2.24,1.8,,,,,,,,,,,,,,,,,,,,,,,,,,,,,,,,,,,,,,,,,,,,,,,,,,,,,,
I1,07/02/2026,17:00,Genoa,Napoli,,4.5,3.2,1.95,4.2,3.2,1.95,4.6,3.25,1.91,4.4,3.2,1.93,4.33,3.3,1.9,,,,,,,,,,4.6,3.3,1.95,4.42,3.21,1.91,5,3.25,2,2.63,1.5,,,2.63,1.53,2.52,1.5,2.66,1.58,0.5,1.9,1.95,,,1.9,1.95,1.86,1.87,1.98,2,,,,,,,,,,,,,,,,,,,,,,,,,,,,,,,,,,,,,,,,,,,,,,,,,,,,,,
I1,07/02/2026,19:45,Fiorentina,Torino,,1.75,3.75,4.75,1.8,3.6,4.6,1.76,3.55,4.9,1.73,3.7,4.75,1.77,3.6,4.6,,,,,,,,,,1.8,3.75,4.9,1.75,3.63,4.7,1.76,3.85,5.5,1.93,1.93,,,1.93,1.93,1.9,1.86,2,1.96,-0.75,1.98,1.88,,,2,1.88,1.95,1.83,1.99,1.97,,,,,,,,,,,,,,,,,,,,,,,,,,,,,,,,,,,,,,,,,,,,,,,,,,,,,,
I1,08/02/2026,11:30,Bologna,Parma,,1.6,3.9,5.75,1.6,4,5.5,1.55,4.1,6,1.6,3.75,5.5,1.6,4,5.75,,,,,,,,,,1.62,4.1,6,1.59,3.91,5.63,1.65,4.1,6.2,2.03,1.83,,,2.03,1.83,1.95,1.8,2.08,1.88,-1,2.1,1.78,,,2.1,1.84,2.01,1.77,2.17,1.81,,,,,,,,,,,,,,,,,,,,,,,,,,,,,,,,,,,,,,,,,,,,,,,,,,,,,,
I1,08/02/2026,14:00,Lecce,Udinese,,3.1,2.88,2.63,3.1,3,2.5,3.05,2.88,2.65,3,2.88,2.55,3.1,2.87,2.55,,,,,,,,,,3.1,3,2.75,3.04,2.86,2.59,3.2,2.98,2.8,2.75,1.44,,,2.88,1.5,2.75,1.42,3,1.47,0,2.1,1.78,,,2.1,1.8,2.03,1.75,2.13,1.87,,,,,,,,,,,,,,,,,,,,,,,,,,,,,,,,,,,,,,,,,,,,,,,,,,,,,,
I1,08/02/2026,17:00,Sassuolo,Inter,,7.5,4.5,1.44,7,4.33,1.44,7.5,4.5,1.43,7,4.33,1.44,6.5,4.5,1.47,,,,,,,,,,7.5,4.6,1.48,6.87,4.42,1.44,8,4.7,1.48,1.8,2,,,1.8,2.07,1.76,2.01,1.86,2.1,1.25,1.83,2.03,,,1.85,2.03,1.79,1.98,1.87,2.07,,,,,,,,,,,,,,,,,,,,,,,,,,,,,,,,,,,,,,,,,,,,,,,,,,,,,,
I1,08/02/2026,19:45,Juventus,Lazio,,1.48,4.2,7.5,1.44,4,8,1.46,4.1,8,1.44,4,7.5,1.47,4.1,7.25,,,,,,,,,,1.48,4.33,8,1.45,4.09,7.57,1.48,4.4,9.2,2.1,1.73,,,2.15,1.73,2.1,1.7,2.24,1.76,-1,1.8,2.05,,,1.83,2.05,1.77,2,1.83,2.13,,,,,,,,,,,,,,,,,,,,,,,,,,,,,,,,,,,,,,,,,,,,,,,,,,,,,,
I1,09/02/2026,17:30,Atalanta,Cremonese,,1.36,5,8.5,1.33,5,8.5,1.35,5.1,9,1.33,4.75,8.5,1.39,5,7.5,,,,,,,,,,1.39,5.1,9,1.34,4.88,8.42,1.39,5.3,9.8,1.73,2.1,,,1.73,2.2,1.68,2.13,1.78,2.2,-1.25,1.83,2.03,,,1.83,2.03,1.78,1.99,1.88,2.06,,,,,,,,,,,,,,,,,,,,,,,,,,,,,,,,,,,,,,,,,,,,,,,,,,,,,,
I1,09/02/2026,19:45,Roma,Cagliari,,1.48,4.1,7.5,1.44,4,8,1.41,4.35,8.5,1.45,4,7.5,1.49,4.1,7,,,,,,,,,,1.5,4.35,8.5,1.45,4.08,7.68,1.53,4.3,8,2.1,1.73,,,2.1,1.78,2.01,1.75,2.16,1.83,-1,1.83,2.03,,,1.83,2.14,1.75,2.03,1.9,2.03,,,,,,,,,,,,,,,,,,,,,,,,,,,,,,,,,,,,,,,,,,,,,,,,,,,,,,
I2,06/02/2026,19:30,Cesena,Pescara,,1.66,3.75,4.75,1.73,3.6,4.5,1.63,3.7,5,1.67,3.6,4.5,1.71,3.7,4.6,,,,,,,,,,1.74,3.75,5,1.69,3.66,4.6,1.77,3.95,5.2,1.85,1.95,,,1.85,1.97,1.8,1.92,1.93,2.04,-0.75,1.9,1.9,,,1.95,1.93,1.84,1.87,1.99,1.96,,,,,,,,,,,,,,,,,,,,,,,,,,,,,,,,,,,,,,,,,,,,,,,,,,,,,,
I2,07/02/2026,14:00,Carrarese,Sudtirol,,2.4,2.82,3.3,2.4,3,3,2.33,2.9,3.15,2.38,2.88,3.1,2.45,3,2.95,,,,,,,,,,2.5,3,3.3,2.41,2.9,3.09,2.62,2.96,3.4,2.15,1.67,,,2.15,1.72,2.09,1.67,2.28,1.72,-0.25,2.05,1.75,,,2.1,1.75,2,1.73,2.17,1.81,,,,,,,,,,,,,,,,,,,,,,,,,,,,,,,,,,,,,,,,,,,,,,,,,,,,,,
I2,07/02/2026,14:00,Catanzaro,Reggiana,,1.76,3.5,4.5,1.8,3.4,4.33,1.82,3.4,4.1,1.75,3.4,4.33,1.82,3.5,4.33,,,,,,,,,,1.83,3.5,4.75,1.78,3.42,4.35,1.87,3.5,4.9,2.05,1.75,,,2.1,1.78,2,1.73,2.12,1.79,-0.5,1.8,2,,,1.83,2,1.76,1.96,1.87,2.08,,,,,,,,,,,,,,,,,,,,,,,,,,,,,,,,,,,,,,,,,,,,,,,,,,,,,,
I2,07/02/2026,14:00,Frosinone,Venezia,,3.5,3,2.2,3.2,3.3,2.15,3.15,3.35,2.12,3.1,3.25,2.15,3.1,3.4,2.2,,,,,,,,,,3.5,3.4,2.25,3.25,3.19,2.17,3.6,3.4,2.28,1.73,2.08,,,1.73,2.1,1.7,2.05,1.78,2.2,0.25,1.9,1.9,,,1.9,1.91,1.86,1.85,2,1.96,,,,,,,,,,,,,,,,,,,,,,,,,,,,,,,,,,,,,,,,,,,,,,,,,,,,,,
I2,07/02/2026,14:00,Juve Stabia,Padova,,1.66,3.4,5.5,1.7,3.4,5,1.81,3.15,4.6,1.67,3.4,5,1.75,3.4,4.8,,,,,,,,,,1.81,3.4,5.5,1.71,3.33,5.04,1.74,3.45,5.8,2.3,1.6,,,2.3,1.62,2.25,1.57,2.24,1.66,-0.75,1.93,1.88,,,2,1.88,1.93,1.78,1.98,1.91,,,,,,,,,,,,,,,,,,,,,,,,,,,,,,,,,,,,,,,,,,,,,,,,,,,,,,
I2,07/02/2026,14:00,Mantova,Bari,,2.05,3,3.9,2.1,3.1,3.5,2.12,3.05,3.45,2.05,3,3.6,2.1,3.2,3.4,,,,,,,,,,2.16,3.2,4.2,2.11,2.98,3.66,2.14,3.15,4,1.95,1.85,,,2.04,1.85,1.96,1.76,2.04,1.85,-0.25,1.8,2,,,1.83,2,1.78,1.93,1.82,2.09,,,,,,,,,,,,,,,,,,,,,,,,,,,,,,,,,,,,,,,,,,,,,,,,,,,,,,
I2,07/02/2026,14:00,Modena,Sampdoria,,1.79,3,5.5,1.83,3.2,4.6,1.85,3.2,4.35,1.8,3.25,4.33,1.85,3.25,4.5,,,,,,,,,,1.85,3.25,5.5,1.82,3.11,4.8,1.86,3.15,5.5,2.25,1.62,,,2.25,1.62,2.22,1.59,2.38,1.65,-0.5,1.83,1.98,,,1.85,1.98,1.79,1.91,1.86,2.03,,,,,,,,,,,,,,,,,,,,,,,,,,,,,,,,,,,,,,,,,,,,,,,,,,,,,,
I2,07/02/2026,16:15,Palermo,Empoli,,1.61,3.8,5,1.62,3.75,5,1.62,3.65,5.1,1.62,3.6,5,1.63,3.8,5,,,,,,,,,,1.65,3.8,5.4,1.62,3.69,5.07,1.65,3.8,6,1.98,1.83,,,1.98,1.83,1.92,1.79,1.93,1.76,-0.75,1.83,1.98,,,1.83,2,1.78,1.94,1.81,2.04,,,,,,,,,,,,,,,,,,,,,,,,,,,,,,,,,,,,,,,,,,,,,,,,,,,,,,
I2,07/02/2026,18:30,Spezia,Virtus Entella,,2.25,2.7,3.8,2.3,2.88,3.3,2.2,2.9,3.4,2.2,2.88,3.25,2.3,3,3.25,,,,,,,,,,2.36,3,3.8,2.27,2.81,3.45,2.36,2.9,3.75,2.4,1.53,,,2.4,1.58,2.29,1.56,2.44,1.62,-0.25,1.95,1.85,,,1.95,1.85,1.88,1.82,1.97,1.93,,,,,,,,,,,,,,,,,,,,,,,,,,,,,,,,,,,,,,,,,,,,,,,,,,,,,,
I2,08/02/2026,14:00,Monza,Avellino,,1.61,3.8,5.25,1.62,3.6,5.5,1.54,3.65,6.25,1.6,3.7,5,1.63,3.8,5,,,,,,,,,,1.65,3.8,6.25,1.6,3.69,5.32,1.61,3.6,4.7,1.95,1.85,,,2.02,1.85,1.94,1.78,1.89,1.74,-0.75,1.8,2,,,1.83,2.08,1.74,1.99,,,,,,,,,,,,,,,,,,,,,,,,,,,,,,,,,,,,,,,,,,,,,,,,,,,,,,,,
N1,06/02/2026,19:00,NAC Breda,Excelsior,,1.83,3.7,4.2,1.8,3.6,4,1.83,3.5,4.2,1.8,3.6,4.2,1.85,3.6,4.1,,,,,,,,,,1.87,3.75,4.2,1.81,3.59,4.14,1.9,3.85,4.5,1.8,2,,,1.83,2,1.79,1.92,1.92,2.04,-0.5,1.8,2,,,1.85,2,1.78,1.93,1.9,2.08,,,,,,,,,,,,,,,,,,,,,,,,,,,,,,,,,,,,,,,,,,,,,,,,,,,,,,
N1,07/02/2026,15:30,Nijmegen,Heracles,,1.44,4.75,6.25,1.4,4.6,6.5,1.41,4.75,6.5,1.4,5,6.5,1.47,5,5.5,,,,,,,,,,1.47,5,6.5,1.42,4.8,6.12,1.48,5.1,6.4,1.4,2.88,,,1.4,3,1.38,2.85,1.44,3.05,-1.25,1.93,1.88,,,1.93,1.93,1.87,1.87,1.94,1.95,,,,,,,,,,,,,,,,,,,,,,,,,,,,,,,,,,,,,,,,,,,,,,,,,,,,,,
N1,07/02/2026,17:45,Zwolle,Volendam,,1.7,3.7,5.25,1.67,4,4.5,1.65,3.7,5.2,1.67,4,4.6,1.7,4,4.6,,,,,,,,,,1.7,4,5.25,1.68,3.8,4.78,1.7,4.1,5.5,1.65,2.2,,,1.65,2.25,1.61,2.2,1.69,2.26,-0.75,1.85,1.95,,,1.9,1.96,1.83,1.91,1.87,2.07,,,,,,,,,,,,,,,,,,,,,,,,,,,,,,,,,,,,,,,,,,,,,,,,,,,,,,
N1,07/02/2026,19:00,Twente,Heerenveen,,1.73,4.2,4.33,1.73,3.75,4.33,1.74,3.75,4.35,1.7,3.9,4.4,1.75,4,4.2,,,,,,,,,,1.75,4.2,4.55,1.72,3.89,4.3,1.79,4.1,4.7,1.62,2.25,,,1.63,2.25,1.61,2.19,1.7,2.34,-0.75,1.9,1.9,,,1.98,1.91,1.9,1.84,2,1.92,,,,,,,,,,,,,,,,,,,,,,,,,,,,,,,,,,,,,,,,,,,,,,,,,,,,,,
N1,07/02/2026,20:00,For Sittard,Sparta Rotterdam,,2.88,3.5,2.35,2.75,3.3,2.4,2.7,3.4,2.45,2.75,3.5,2.38,2.8,3.5,2.4,,,,,,,,,,2.9,3.5,2.54,2.79,3.32,2.43,3,3.4,2.62,1.75,2.05,,,1.8,2.05,1.73,2.01,1.81,2.1,0,2.1,1.7,,,2.1,1.83,2.01,1.73,2.13,1.84,,,,,,,,,,,,,,,,,,,,,,,,,,,,,,,,,,,,,,,,,,,,,,,,,,,,,,
N1,08/02/2026,11:15,Utrecht,Feyenoord,,3.1,3.75,2.15,3.1,3.5,2.1,3.15,3.6,2.12,3.1,3.6,2.15,3.1,3.75,2.1,,,,,,,,,,3.2,3.75,2.15,3.1,3.59,2.13,3.2,3.7,2.22,1.7,2.1,,,1.7,2.2,1.64,2.14,1.61,2.2,0.25,1.95,1.85,,,1.95,1.86,1.91,1.83,1.97,1.94,,,,,,,,,,,,,,,,,,,,,,,,,,,,,,,,,,,,,,,,,,,,,,,,,,,,,,
N1,08/02/2026,13:30,AZ Alkmaar,Ajax,,2.2,3.8,3,2.2,3.5,3,2.15,3.7,3,2.15,3.7,3,2.2,3.7,2.95,,,,,,,,,,2.25,3.8,3,2.18,3.62,2.96,2.24,3.7,3.3,1.57,2.35,,,1.6,2.38,1.55,2.32,1.62,2.32,-0.25,1.93,1.88,,,1.95,1.89,1.89,1.85,,,,,,,,,,,,,,,,,,,,,,,,,,,,,,,,,,,,,,,,,,,,,,,,,,,,,,,,
N1,08/02/2026,13:30,Go Ahead Eagles,Telstar,,1.9,3.9,3.8,1.91,3.6,3.6,1.9,3.65,3.75,1.87,3.75,3.75,1.95,3.75,3.6,,,,,,,,,,1.95,3.9,3.8,1.89,3.71,3.65,1.92,3.9,3.9,1.65,2.2,,,1.65,2.23,1.61,2.21,1.65,2.24,-0.5,1.85,1.95,,,1.9,1.95,1.84,1.86,,,,,,,,,,,,,,,,,,,,,,,,,,,,,,,,,,,,,,,,,,,,,,,,,,,,,,,,
N1,08/02/2026,15:45,Groningen,PSV Eindhoven,,3.8,4.33,1.8,4,3.75,1.8,4.2,4,1.72,3.9,4,1.75,3.9,4,1.8,,,,,,,,,,4.2,4.33,1.8,3.88,3.99,1.77,4.1,4.2,1.85,1.5,2.5,,,1.5,2.5,1.48,2.48,1.46,2.56,0.75,1.8,2,,,1.87,2,1.8,1.94,,,,,,,,,,,,,,,,,,,,,,,,,,,,,,,,,,,,,,,,,,,,,,,,,,,,,,,,
P1,07/02/2026,15:30,Estrela,Santa Clara,,3.4,2.85,2.3,3.4,2.88,2.3,3.3,2.95,2.35,3.3,2.88,2.25,3.3,2.95,2.3,,,,,,,,,,3.4,3,2.35,3.33,2.9,2.29,3.55,3.05,2.48,2.88,1.4,,,2.88,1.44,2.7,1.41,2.94,1.49,0.25,1.88,1.98,,,1.88,1.98,1.8,1.92,1.88,2.07,,,,,,,,,,,,,,,,,,,,,,,,,,,,,,,,,,,,,,,,,,,,,,,,,,,,,,
P1,07/02/2026,15:30,Moreirense,Gil Vicente,,3.4,3,2.25,3.3,2.88,2.3,3.2,3.05,2.32,3.2,3,2.25,3.25,3.1,2.25,,,,,,,,,,3.5,3.1,2.32,3.29,2.97,2.27,3.55,3.1,2.44,2.5,1.5,,,2.54,1.5,2.47,1.49,2.64,1.56,0.25,1.88,1.98,,,1.88,1.98,1.81,1.91,1.92,2.04,,,,,,,,,,,,,,,,,,,,,,,,,,,,,,,,,,,,,,,,,,,,,,,,,,,,,,
P1,07/02/2026,18:00,Estoril,Tondela,,1.66,3.9,4.75,1.67,3.75,4.6,1.72,3.65,4.7,1.67,3.7,4.5,1.68,3.9,4.6,,,,,,,,,,1.72,3.9,5,1.68,3.76,4.6,1.72,4.1,5.1,1.8,2,,,1.81,2.05,1.75,1.98,1.82,2.06,-0.75,1.9,1.95,,,1.9,1.95,1.85,1.86,1.92,1.98,,,,,,,,,,,,,,,,,,,,,,,,,,,,,,,,,,,,,,,,,,,,,,,,,,,,,,
P1,07/02/2026,20:30,Arouca,Guimaraes,,2.75,3.3,2.4,2.88,3.1,2.4,3,3.2,2.38,2.75,3.13,2.45,2.8,3.25,2.45,,,,,,,,,,3,3.3,2.5,2.83,3.19,2.42,2.98,3.3,2.64,2.1,1.7,,,2.1,1.7,2.09,1.67,2.18,1.77,0,2.05,1.8,,,2.05,1.8,2,1.74,2.07,1.86,,,,,,,,,,,,,,,,,,,,,,,,,,,,,,,,,,,,,,,,,,,,,,,,,,,,,,
P1,08/02/2026,15:30,Nacional,Casa Pia,,2.05,3.1,3.75,2.1,3.2,3.5,2.14,3.25,3.35,2,3.25,3.5,2.15,3.25,3.4,,,,,,,,,,2.15,3.25,4,2.06,3.18,3.57,2.14,3.35,4,2.1,1.7,,,2.12,1.7,2.1,1.66,2.22,1.71,-0.25,1.8,2.05,,,1.83,2.05,1.76,1.98,,,,,,,,,,,,,,,,,,,,,,,,,,,,,,,,,,,,,,,,,,,,,,,,,,,,,,,,
P1,08/02/2026,18:00,Sp Braga,Rio Ave,,1.22,6.5,9.5,1.22,6,11,1.25,5.5,11,1.2,5.75,11,1.26,5.75,10,,,,,,,,,,1.26,6.5,11,1.23,5.77,10.56,1.26,7,13,1.53,2.4,,,1.54,2.45,1.52,2.36,1.56,2.46,-1.75,1.93,1.93,,,1.95,1.93,1.88,1.84,,,,,,,,,,,,,,,,,,,,,,,,,,,,,,,,,,,,,,,,,,,,,,,,,,,,,,,,
P1,08/02/2026,20:30,Benfica,Alverca,,1.15,6.25,17,1.17,6.5,15,1.17,6.4,17,1.15,6,15,1.2,6.5,14,,,,,,,,,,1.2,6.66,17,1.17,6.23,15.65,1.2,7.4,22,1.65,2.2,,,1.65,2.25,1.61,2.18,1.69,2.24,-2,2.05,1.8,,,2.05,1.83,1.94,1.79,,,,,,,,,,,,,,,,,,,,,,,,,,,,,,,,,,,,,,,,,,,,,,,,,,,,,,,,
P1,09/02/2026,18:45,Famalicao,AVS,,1.37,4.5,8,1.36,4.33,8,1.43,4.35,7,1.36,4.4,7.5,1.4,4.75,7,,,,,,,,,,1.43,4.75,8.5,1.37,4.49,7.68,1.4,4.9,9,1.8,2,,,1.83,2,1.75,1.96,,,-1.25,1.9,1.95,,,1.91,1.95,1.86,1.86,,,,,,,,,,,,,,,,,,,,,,,,,,,,,,,,,,,,,,,,,,,,,,,,,,,,,,,,
P1,09/02/2026,20:45,Porto,Sp Lisbon,,2.25,3,3.4,2.25,3.1,3.2,2.2,3.1,3.4,2.2,3.13,3.13,2.25,3.1,3.2,,,,,,,,,,2.3,3.15,3.5,2.24,3.03,3.27,2.32,3.15,3.6,2.25,1.62,,,2.25,1.65,2.18,1.61,,,-0.25,1.98,1.88,,,1.98,1.88,1.88,1.84,,,,,,,,,,,,,,,,,,,,,,,,,,,,,,,,,,,,,,,,,,,,,,,,,,,,,,,,
SC2,07/02/2026,15:00,Cove Rangers,Queen of Sth,P Stuart,2.55,3.3,2.35,2.6,3.2,2.4,2.35,3.2,2.65,2.7,3.3,2.38,2.6,3.25,2.3,,,,,,,,,,2.7,3.3,2.65,2.56,3.22,2.43,2.72,3.35,2.48,1.85,1.95,,,1.85,1.95,1.76,1.9,1.84,1.96,0,2.03,1.78,,,2.03,1.8,1.93,1.74,1.97,1.78,,,,,,,,,,,,,,,,,,,,,,,,,,,,,,,,,,,,,,,,,,,,,,,,,,,,,,
SC2,07/02/2026,15:00,Inverness C,East Fife,G Hanvidge,1.3,4.33,8,1.3,4.6,8,1.26,5.1,8.5,1.3,5,8,1.33,4.8,6.75,,,,,,,,,,1.33,5.1,8.5,1.29,4.83,7.75,1.26,4.5,7.4,1.57,2.35,,,1.62,2.35,1.55,2.23,1.5,2.16,-1.5,1.95,1.85,,,1.95,1.85,1.87,1.78,1.84,1.71,,,,,,,,,,,,,,,,,,,,,,,,,,,,,,,,,,,,,,,,,,,,,,,,,,,,,,
SC2,07/02/2026,15:00,Peterhead,Alloa,S Murdoch,2.3,3.5,2.55,2.38,3.3,2.63,2.16,3.35,2.85,2.4,3.5,2.55,2.25,3.4,2.55,,,,,,,,,,2.5,3.5,2.85,2.32,3.38,2.61,2.6,3.1,2.66,1.67,2.15,,,1.75,2.15,1.65,2.05,1.71,2.12,0,1.83,1.98,,,1.83,2,1.76,1.9,1.97,1.9,,,,,,,,,,,,,,,,,,,,,,,,,,,,,,,,,,,,,,,,,,,,,,,,,,,,,,
SC3,07/02/2026,15:00,Edinburgh City,East Kilbride,G Grainger,3.2,3.75,1.85,3.2,3.6,1.91,3.65,3.45,1.78,3.2,3.8,1.9,3.1,3.75,1.88,,,,,,,,,,3.65,3.8,1.95,3.25,3.64,1.88,3.2,4.1,1.98,1.44,2.63,,,1.53,2.75,1.45,2.49,1.44,2.82,0.5,1.88,1.93,,,1.88,1.93,1.78,1.87,1.86,1.95,,,,,,,,,,,,,,,,,,,,,,,,,,,,,,,,,,,,,,,,,,,,,,,,,,,,,,
SC3,07/02/2026,15:00,Forfar,Dumbarton,J McCunnie,1.95,3.5,3.2,2,3.4,3.2,2.12,3.2,3,1.95,3.6,3.2,1.98,3.5,3,,,,,,,,,,2.12,3.6,3.3,1.99,3.46,3.1,2.08,3.6,3.25,1.6,2.3,,,1.67,2.3,1.59,2.16,1.01,2.18,-0.5,2,1.8,,,2,1.8,1.94,1.73,1.74,1.64,,,,,,,,,,,,,,,,,,,,,,,,,,,,,,,,,,,,,,,,,,,,,,,,,,,,,,
SC3,07/02/2026,15:00,Stranraer,Annan Athletic,D Graves,2.35,3.25,2.63,,,,,,,2.4,3.3,2.6,,,,,,,,,,,,,2.5,3.3,2.7,2.38,3.25,2.6,,,,1.8,2,,,1.8,2,1.75,1.95,,,0,1.83,1.98,,,1.83,1.98,1.76,1.9,,,,,,,,,,,,,,,,,,,,,,,,,,,,,,,,,,,,,,,,,,,,,,,,,,,,,,,,
SP1,06/02/2026,20:00,Celta,Osasuna,,1.95,3.3,4.1,1.95,3.3,4,2,3.2,4.2,2,3.3,4,1.95,3.3,4.1,,,,,,,,,,2,3.33,4.2,1.97,3.27,4.06,2.04,3.45,4.4,2.2,1.67,,,2.25,1.67,2.19,1.65,2.34,1.72,-0.5,2,1.85,,,2,1.85,1.92,1.81,2.04,1.94,,,,,,,,,,,,,,,,,,,,,,,,,,,,,,,,,,,,,,,,,,,,,,,,,,,,,,
SP1,07/02/2026,13:00,Vallecano,Oviedo,,1.8,3.3,5,1.73,3.4,5,1.81,3.4,4.8,1.75,3.5,5,1.8,3.4,4.75,,,,,,,,,,1.81,3.5,5,1.78,3.38,4.87,1.87,3.5,5.4,2.38,1.57,,,2.4,1.62,2.29,1.58,2.52,1.63,-0.75,2.05,1.75,,,2.08,1.83,2.02,1.76,2.15,1.84,,,,,,,,,,,,,,,,,,,,,,,,,,,,,,,,,,,,,,,,,,,,,,,,,,,,,,
SP1,07/02/2026,15:15,Barcelona,Mallorca,,1.14,9,15,1.17,7.5,15,1.13,9,19,1.15,8,15,1.17,8.25,12.5,,,,,,,,,,1.17,9,19,1.15,8.3,14.69,1.17,9.8,19.5,1.25,4,,,1.29,4,1.25,3.72,1.29,4.2,-2.25,1.88,1.98,,,1.9,2.02,1.84,1.92,1.96,2.02,,,,,,,,,,,,,,,,,,,,,,,,,,,,,,,,,,,,,,,,,,,,,,,,,,,,,,
SP1,07/02/2026,17:30,Sevilla,Girona,,2.15,3.3,3.5,2.05,3.4,3.5,2.07,3.35,3.7,2.1,3.4,3.4,2.1,3.3,3.5,,,,,,,,,,2.15,3.4,3.7,2.09,3.33,3.51,2.22,3.45,3.75,2,1.8,,,2,1.8,1.97,1.77,2.14,1.86,-0.25,1.85,2,,,1.85,2.04,1.79,1.97,1.9,2.08,,,,,,,,,,,,,,,,,,,,,,,,,,,,,,,,,,,,,,,,,,,,,,,,,,,,,,
SP1,07/02/2026,20:00,Sociedad,Elche,,1.67,4,5,1.62,4,5,1.62,3.95,5.4,1.65,3.9,5.25,1.66,3.9,5,,,,,,,,,,1.7,4.2,5.4,1.64,3.97,5.04,1.71,4.2,5.6,1.8,2,,,1.83,2,1.8,1.94,1.9,2.08,-0.75,1.85,2,,,1.85,2.02,1.79,1.98,1.9,2.08,,,,,,,,,,,,,,,,,,,,,,,,,,,,,,,,,,,,,,,,,,,,,,,,,,,,,,
SP1,08/02/2026,13:00,Alaves,Getafe,,2.3,2.8,3.9,2.3,2.8,3.75,2.25,2.88,3.85,2.25,2.7,3.6,2.35,2.85,3.6,,,,,,,,,,2.38,2.88,3.9,2.3,2.78,3.69,2.46,2.9,4,3.5,1.3,,,3.5,1.33,3.34,1.3,3.65,1.35,-0.25,1.93,1.93,,,1.95,1.93,1.89,1.88,2.04,1.95,,,,,,,,,,,,,,,,,,,,,,,,,,,,,,,,,,,,,,,,,,,,,,,,,,,,,,
SP1,08/02/2026,15:15,Ath Bilbao,Levante,,1.62,3.9,6,1.62,3.75,5.5,1.62,3.85,5.75,1.57,3.7,5.25,1.62,3.8,5.75,,,,,,,,,,1.62,4,6,1.61,3.8,5.52,1.65,4,6.2,2,1.85,,,2,1.85,1.94,1.8,2.06,1.9,-0.75,1.73,2.08,,,1.83,2.08,1.76,2,1.84,2.15,,,,,,,,,,,,,,,,,,,,,,,,,,,,,,,,,,,,,,,,,,,,,,,,,,,,,,
SP1,08/02/2026,17:30,Ath Madrid,Betis,,1.48,4.75,6.25,1.5,4.33,6,1.5,4.4,6.25,1.44,4.2,6.5,1.49,4.6,6,,,,,,,,,,1.5,4.75,6.5,1.47,4.47,6.15,1.5,5.1,7,1.67,2.2,,,1.67,2.2,1.65,2.17,1.73,2.32,-1.25,2.05,1.8,,,2.08,1.83,2.02,1.76,2.09,1.83,,,,,,,,,,,,,,,,,,,,,,,,,,,,,,,,,,,,,,,,,,,,,,,,,,,,,,
SP1,08/02/2026,20:00,Valencia,Real Madrid,,5.25,4.75,1.55,6,4.5,1.5,6,4.5,1.52,5.25,4.2,1.5,5.5,4.75,1.52,,,,,,,,,,6,4.75,1.55,5.59,4.47,1.51,6,4.9,1.57,1.57,2.38,,,1.58,2.4,1.55,2.35,1.62,2.52,1,1.98,1.88,,,2,1.88,1.94,1.82,2.03,1.91,,,,,,,,,,,,,,,,,,,,,,,,,,,,,,,,,,,,,,,,,,,,,,,,,,,,,,
SP1,09/02/2026,20:00,Villarreal,Espanol,,1.7,4.33,4.33,1.67,4,4.6,1.68,4,4.8,1.62,3.8,4.6,1.72,3.9,4.5,,,,,,,,,,1.72,4.33,4.8,1.67,3.99,4.53,1.71,4.3,4.9,1.73,2.1,,,1.8,2.1,1.72,2.04,1.79,2.16,-0.75,1.88,1.98,,,1.9,1.98,1.85,1.92,1.9,2.04,,,,,,,,,,,,,,,,,,,,,,,,,,,,,,,,,,,,,,,,,,,,,,,,,,,,,,
SP2,06/02/2026,19:30,Leganes,Granada,,2.25,3,3.4,2.3,2.88,3.3,2.18,3.05,3.35,2.25,3,3.2,2.25,3,3.1,,,,,,,,,,2.32,3.05,3.4,2.26,2.97,3.29,2.42,3.15,3.6,2.5,1.5,,,2.5,1.56,2.38,1.52,2.66,1.59,-0.25,1.95,1.85,,,1.95,1.85,1.88,1.83,2.03,1.94,,,,,,,,,,,,,,,,,,,,,,,,,,,,,,,,,,,,,,,,,,,,,,,,,,,,,,
SP2,07/02/2026,13:00,Andorra,Sociedad B,,1.76,3.6,4.33,1.8,3.5,4.2,1.73,3.5,4.5,1.75,3.5,4.2,1.8,3.5,3.9,,,,,,,,,,1.83,3.75,4.5,1.76,3.53,4.23,1.82,3.75,4.6,1.9,1.9,,,1.9,1.9,1.84,1.86,1.94,1.95,-0.5,1.78,2.03,,,1.83,2.03,1.75,1.97,1.82,2.09,,,,,,,,,,,,,,,,,,,,,,,,,,,,,,,,,,,,,,,,,,,,,,,,,,,,,,
SP2,07/02/2026,15:15,Las Palmas,Burgos,,1.86,3.3,4.5,1.9,3.1,4.5,1.87,3.05,4.4,1.83,3.1,4.4,1.83,3.1,4.33,,,,,,,,,,1.91,3.33,4.75,1.85,3.14,4.44,1.87,3.25,4.9,2.6,1.48,,,2.63,1.48,2.55,1.46,2.62,1.53,-0.5,1.88,1.93,,,1.9,1.93,1.82,1.88,1.87,2,,,,,,,,,,,,,,,,,,,,,,,,,,,,,,,,,,,,,,,,,,,,,,,,,,,,,,
SP2,07/02/2026,17:30,Zaragoza,Eibar,,2.7,3.1,2.57,2.75,2.88,2.75,2.6,3,2.7,2.75,2.9,2.6,2.6,3,2.6,,,,,,,,,,2.75,3.1,2.75,2.68,2.98,2.63,2.94,3.1,2.78,2.5,1.5,,,2.6,1.56,2.46,1.49,2.6,1.56,0,1.95,1.85,,,1.95,1.91,1.89,1.83,2.02,1.91,,,,,,,,,,,,,,,,,,,,,,,,,,,,,,,,,,,,,,,,,,,,,,,,,,,,,,
SP2,07/02/2026,20:00,Cadiz,Almeria,,2.57,3.5,2.5,2.63,3.3,2.5,2.7,3.3,2.43,2.55,3.3,2.5,2.6,3.4,2.4,,,,,,,,,,2.7,3.5,2.57,2.61,3.32,2.48,2.78,3.5,2.56,1.85,1.95,,,1.87,2,1.81,1.91,1.78,1.9,0,1.95,1.85,,,1.95,1.85,1.89,1.83,2,1.87,,,,,,,,,,,,,,,,,,,,,,,,,,,,,,,,,,,,,,,,,,,,,,,,,,,,,,
SP2,08/02/2026,13:00,Valladolid,Castellon,,3.1,3.3,2.2,3,3.2,2.3,2.9,3.25,2.3,3,3.25,2.2,2.9,3.2,2.25,,,,,,,,,,3.2,3.33,2.3,3.01,3.24,2.24,3.25,3.35,2.26,2,1.8,,,2,1.87,1.92,1.79,,,0.25,1.85,1.95,,,1.85,1.95,1.8,1.91,,,,,,,,,,,,,,,,,,,,,,,,,,,,,,,,,,,,,,,,,,,,,,,,,,,,,,,,
SP2,08/02/2026,15:15,Ceuta,Cordoba,,2.57,3.3,2.57,2.6,3.2,2.6,2.45,3.25,2.65,2.55,3.3,2.5,2.55,3.25,2.45,,,,,,,,,,2.63,3.33,2.65,2.56,3.23,2.57,1.49,2.5,1.5,1.9,1.9,,,1.95,1.9,1.87,1.84,1.01,1.9,0,1.9,1.9,,,1.91,1.91,1.86,1.86,,,,,,,,,,,,,,,,,,,,,,,,,,,,,,,,,,,,,,,,,,,,,,,,,,,,,,,,
SP2,08/02/2026,15:15,La Coruna,Albacete,,1.71,3.7,4.5,1.7,3.6,4.6,1.65,3.7,4.75,1.7,3.5,4.5,1.7,3.5,4.4,,,,,,,,,,1.75,3.8,4.75,1.69,3.64,4.53,1.04,3.75,2.08,1.95,1.85,,,1.95,1.95,1.87,1.85,1.94,1.25,-0.75,1.98,1.83,,,1.98,1.87,1.88,1.83,,,,,,,,,,,,,,,,,,,,,,,,,,,,,,,,,,,,,,,,,,,,,,,,,,,,,,,,
SP2,08/02/2026,17:30,Sp Gijon,Huesca,,1.81,3.25,4.75,1.83,3.2,4.6,1.81,3.1,4.7,1.8,3.2,4.4,1.82,3.2,4.2,,,,,,,,,,1.85,3.33,4.85,1.8,3.21,4.54,1.87,3.3,5,2.35,1.57,,,2.48,1.58,2.34,1.54,2.16,1.61,-0.5,1.83,1.98,,,1.83,2,1.78,1.93,,,,,,,,,,,,,,,,,,,,,,,,,,,,,,,,,,,,,,,,,,,,,,,,,,,,,,,,
SP2,08/02/2026,20:00,Malaga,Cultural Leonesa,,1.71,3.6,4.75,1.73,3.5,4.6,1.68,3.5,4.8,1.73,3.5,4.4,1.73,3.4,4.4,,,,,,,,,,1.78,3.6,5.33,1.71,3.47,4.67,1.76,3.7,5,1.98,1.83,,,2,1.83,1.94,1.78,,,-0.75,1.98,1.83,,,1.98,1.85,1.9,1.81,,,,,,,,,,,,,,,,,,,,,,,,,,,,,,,,,,,,,,,,,,,,,,,,,,,,,,,,
SP2,09/02/2026,19:30,Santander,Mirandes,,1.49,4.5,5.5,1.5,4.2,6,1.43,4.35,6.4,1.5,4.1,5.5,1.47,4.2,5.5,,,,,,,,,,1.51,4.5,6.4,1.47,4.26,5.81,1.53,4.4,6.2,1.67,2.15,,,1.67,2.28,1.63,2.15,,,-1,1.85,1.95,,,1.85,2.04,1.76,1.96,,,,,,,,,,,,,,,,,,,,,,,,,,,,,,,,,,,,,,,,,,,,,,,,,,,,,,,,
T1,07/02/2026,11:30,Karagumruk,Antalyaspor,,2.2,3.2,3.25,2.3,3.1,3.1,2.23,3.25,3.15,2.25,3.13,3.1,2.3,3.3,2.95,,,,,,,,,,2.3,3.3,3.25,2.25,3.16,3.1,2.38,3.25,3.55,2.15,1.67,,,2.15,1.73,2.08,1.67,2.26,1.72,-0.25,1.95,1.85,,,1.95,1.85,1.91,1.81,2.01,1.95,,,,,,,,,,,,,,,,,,,,,,,,,,,,,,,,,,,,,,,,,,,,,,,,,,,,,,
T1,07/02/2026,17:00,Samsunspor,Trabzonspor,,2.5,3.25,2.75,2.4,3.2,2.8,2.55,3.3,2.65,2.38,3.25,2.75,2.5,3.3,2.7,,,,,,,,,,2.55,3.3,2.88,2.43,3.22,2.75,2.6,3.4,3,1.95,1.85,,,1.95,1.9,1.89,1.82,2,1.93,-0.25,2.1,1.7,,,2.12,1.77,2.07,1.68,2.22,1.79,,,,,,,,,,,,,,,,,,,,,,,,,,,,,,,,,,,,,,,,,,,,,,,,,,,,,,
T1,08/02/2026,11:30,Eyupspor,Buyuksehyr,,5.5,3.6,1.61,5,3.75,1.62,5,3.7,1.66,4.75,3.8,1.62,4.6,4,1.65,,,,,,,,,,5.8,4,1.67,5.11,3.65,1.63,5.7,4,1.67,1.7,2.1,,,1.74,2.1,1.69,2.06,1.73,2.18,0.75,2,1.8,,,2,1.83,1.94,1.79,2.01,1.81,,,,,,,,,,,,,,,,,,,,,,,,,,,,,,,,,,,,,,,,,,,,,,,,,,,,,,
T1,08/02/2026,14:00,Konyaspor,Goztep,,2.7,3.2,2.55,2.75,3.1,2.5,2.75,3.2,2.5,2.63,3.1,2.55,2.75,3.25,2.45,,,,,,,,,,2.78,3.25,2.6,2.69,3.12,2.52,2.94,3.1,2.68,2.15,1.67,,,2.2,1.73,2.12,1.65,2.16,1.71,0,1.95,1.85,,,2,1.85,1.93,1.8,,,,,,,,,,,,,,,,,,,,,,,,,,,,,,,,,,,,,,,,,,,,,,,,,,,,,,,,
T1,08/02/2026,14:00,Rizespor,Galatasaray,,5.25,4.33,1.53,5,4,1.57,5.5,4.2,1.53,5,4.1,1.53,5,4.33,1.55,,,,,,,,,,5.5,4.33,1.58,5.08,4.18,1.54,5.7,4.9,1.57,1.62,2.25,,,1.62,2.3,1.58,2.23,1.58,2.38,1,1.85,1.95,,,1.95,1.95,1.85,1.86,1.91,1.98,,,,,,,,,,,,,,,,,,,,,,,,,,,,,,,,,,,,,,,,,,,,,,,,,,,,,,
T1,08/02/2026,17:00,Besiktas,Alanyaspor,,1.51,4.33,5.25,1.53,4,5.5,1.52,4.25,5.6,1.53,4,5.25,1.55,4.2,5.25,,,,,,,,,,1.55,4.33,5.6,1.52,4.16,5.35,1.59,4.5,6,1.62,2.25,,,1.62,2.28,1.6,2.21,1.65,2.34,-1,1.93,1.88,,,1.93,1.91,1.87,1.85,1.94,1.91,,,,,,,,,,,,,,,,,,,,,,,,,,,,,,,,,,,,,,,,,,,,,,,,,,,,,,
T1,09/02/2026,14:00,Kayserispor,Kocaelispor,,2.75,3.1,2.55,2.8,3.1,2.5,2.7,3.2,2.55,2.75,3.1,2.45,2.8,3.25,2.45,,,,,,,,,,2.8,3.25,2.56,2.75,3.09,2.5,2.98,1.54,1.4,2.2,1.65,,,2.2,1.71,2.15,1.64,,,0,2,1.8,,,2,1.83,1.96,1.78,,,,,,,,,,,,,,,,,,,,,,,,,,,,,,,,,,,,,,,,,,,,,,,,,,,,,,,,
T1,09/02/2026,17:00,Fenerbahce,Genclerbirligi,,1.19,6,13,1.2,6,12,1.21,6,12.5,1.2,5.75,11.5,1.25,5.75,10.5,,,,,,,,,,1.25,6,13,1.21,5.87,11.27,1.23,7.2,11,1.5,2.5,,,1.5,2.6,1.48,2.5,1.48,2.72,-1.75,1.85,1.95,,,1.93,1.95,1.8,1.92,1.72,1.83,,,,,,,,,,,,,,,,,,,,,,,,,,,,,,,,,,,,,,,,,,,,,,,,,,,,,,
T1,09/02/2026,17:00,Gaziantep,Kasimpasa,,1.91,3.5,3.8,1.95,3.4,3.6,2.07,3.3,3.45,1.95,3.4,3.5,2,3.4,3.5,,,,,,,,,,2.07,3.5,3.8,1.97,3.34,3.56,2,3.5,3.9,1.83,1.98,,,1.9,1.98,1.83,1.87,,,-0.5,1.98,1.83,,,2,1.83,1.93,1.77,,,,,,,,,,,,,,,,,,,,,,,,,,,,,,,,,,,,,,,,,,,,,,,,,,,,,,,,
